date,temp_max,temp_min,temp_moy,precipitation_mm,heures_pluie,evapotranspiration,vent_max_kmh,ensoleillement_h,stress_thermique,bilan_hydrique,mois,semaine,saison
2023-01-01,32.8,19.4,25.3,0.0,0.0,4.92,14.4,10.575838888888889,0,-4.92,1,52,Harmattan
2023-01-02,32.7,20.2,25.7,0.0,0.0,4.8,14.7,10.504033333333332,0,-4.8,1,1,Harmattan
2023-01-03,33.4,20.3,25.8,0.0,0.0,4.87,13.7,10.29216388888889,0,-4.87,1,1,Harmattan
2023-01-04,32.0,21.1,26.2,0.0,0.0,4.46,16.3,10.220358333333333,0,-4.46,1,1,Harmattan
2023-01-05,30.8,22.0,26.3,0.0,0.0,3.98,15.6,10.148680555555556,0,-3.98,1,1,Harmattan
2023-01-06,30.5,23.4,26.8,0.0,0.0,3.55,14.8,9.940277777777778,0,-3.55,1,1,Harmattan
2023-01-07,31.4,24.5,27.1,0.1,1.0,3.78,15.7,10.214708333333332,0,-3.6799999999999997,1,1,Harmattan
2023-01-08,31.5,24.9,27.5,0.4,2.0,3.75,14.6,9.845866666666668,0,-3.35,1,1,Harmattan
2023-01-09,31.7,24.0,27.2,0.0,0.0,3.84,15.9,9.261524999999999,0,-3.84,1,2,Harmattan
2023-01-10,31.1,24.5,27.1,0.0,0.0,3.99,15.8,9.858497222222221,0,-3.99,1,2,Harmattan
2023-01-11,31.7,24.1,27.2,0.0,0.0,3.89,15.9,9.774183333333333,0,-3.89,1,2,Harmattan
2023-01-12,31.5,23.9,27.0,0.0,0.0,3.97,17.6,9.040302777777779,0,-3.97,1,2,Harmattan
2023-01-13,30.8,23.1,26.7,0.0,0.0,3.82,15.9,9.395436111111112,0,-3.82,1,2,Harmattan
2023-01-14,31.0,23.1,26.8,0.0,0.0,3.88,16.0,10.336858333333334,0,-3.88,1,2,Harmattan
2023-01-15,31.3,24.3,27.2,0.1,1.0,3.73,14.5,10.302747222222223,0,-3.63,1,2,Harmattan
2023-01-16,31.4,23.5,27.1,0.1,1.0,3.87,15.0,10.298258333333335,0,-3.77,1,3,Harmattan
2023-01-17,31.7,23.6,27.2,0.1,1.0,3.86,15.3,10.293875,0,-3.76,1,3,Harmattan
2023-01-18,30.5,24.4,27.4,0.3,3.0,3.91,16.9,10.289580555555554,0,-3.6100000000000003,1,3,Harmattan
2023-01-19,30.9,24.6,27.5,0.9,1.0,3.71,17.3,10.285305555555555,0,-2.81,1,3,Harmattan
2023-01-20,30.6,25.5,27.8,0.3,3.0,3.81,14.7,10.212252777777778,0,-3.5100000000000002,1,3,Harmattan
2023-01-21,30.9,25.0,27.3,0.9,1.0,3.65,20.5,10.001669444444445,0,-2.75,1,3,Harmattan
2023-01-22,31.0,25.8,27.4,1.2,2.0,3.39,16.2,8.510938888888889,0,-2.1900000000000004,1,3,Harmattan
2023-01-23,30.9,25.6,27.9,0.1,1.0,3.92,19.7,9.636441666666668,0,-3.82,1,4,Harmattan
2023-01-24,31.1,25.5,27.8,1.5,2.0,3.78,13.8,10.332841666666667,0,-2.28,1,4,Harmattan
2023-01-25,31.0,24.2,27.4,0.0,0.0,3.98,16.2,10.465341666666667,0,-3.98,1,4,Harmattan
2023-01-26,30.9,26.0,27.8,3.1,4.0,3.9,18.4,10.392850000000001,0,-0.7999999999999998,1,4,Harmattan
2023-01-27,30.3,25.8,27.6,0.8,4.0,3.65,20.1,9.695197222222221,0,-2.8499999999999996,1,4,Harmattan
2023-01-28,30.5,25.6,27.5,1.3,1.0,3.53,16.2,9.82985,0,-2.2299999999999995,1,4,Harmattan
2023-01-29,30.3,24.5,26.8,8.9,3.0,3.4,16.3,8.713355555555555,0,5.5,1,4,Harmattan
2023-01-30,30.2,25.1,27.1,0.1,1.0,3.32,16.6,8.872883333333334,0,-3.2199999999999998,1,5,Harmattan
2023-01-31,29.8,24.9,26.8,0.7,4.0,3.29,13.2,9.281383333333334,0,-2.59,1,5,Harmattan
2023-02-01,30.0,23.2,26.5,0.0,0.0,4.08,14.9,10.647405555555556,0,-4.08,2,5,Harmattan
2023-02-02,30.1,24.3,27.4,0.0,0.0,4.2,12.3,10.532163888888888,0,-4.2,2,5,Harmattan
2023-02-03,30.6,24.8,27.4,0.3,1.0,3.94,13.5,10.221172222222222,0,-3.64,2,5,Harmattan
2023-02-04,31.5,25.6,27.8,1.0,1.0,4.17,18.5,10.57618611111111,0,-3.17,2,5,Harmattan
2023-02-05,31.0,26.1,27.8,1.2,3.0,3.83,20.9,10.504080555555555,0,-2.63,2,5,Harmattan
2023-02-06,30.5,26.1,27.9,2.2,7.0,4.19,19.1,10.371352777777778,0,-1.9900000000000002,2,6,Harmattan
2023-02-07,29.9,25.4,27.5,0.7,7.0,4.09,15.2,10.459141666666667,0,-3.3899999999999997,2,6,Harmattan
2023-02-08,30.2,25.8,27.3,0.5,4.0,4.01,15.8,10.419602777777778,0,-3.51,2,6,Harmattan
2023-02-09,30.7,24.5,27.1,1.3,2.0,3.94,16.4,10.595955555555555,0,-2.6399999999999997,2,6,Harmattan
2023-02-10,31.5,25.5,27.9,0.0,0.0,4.41,16.9,10.579211111111112,0,-4.41,2,6,Harmattan
2023-02-11,31.5,25.4,28.0,0.0,0.0,4.39,16.9,10.316055555555556,0,-4.39,2,6,Harmattan
2023-02-12,31.2,25.5,27.9,1.1,2.0,3.81,15.5,10.695775,0,-2.71,2,6,Harmattan
2023-02-13,31.9,25.4,28.1,0.1,1.0,4.28,19.5,10.748938888888889,0,-4.180000000000001,2,7,Harmattan
2023-02-14,31.7,25.5,27.9,0.1,1.0,4.23,15.3,10.705497222222222,0,-4.130000000000001,2,7,Harmattan
2023-02-15,31.7,25.0,28.1,0.1,1.0,4.42,15.9,10.351469444444446,0,-4.32,2,7,Harmattan
2023-02-16,33.9,25.0,28.2,0.0,0.0,4.75,17.1,10.573225,0,-4.75,2,7,Harmattan
2023-02-17,35.5,23.3,27.9,0.0,0.0,5.56,21.2,10.924658333333332,1,-5.56,2,7,Harmattan
2023-02-18,34.0,22.3,27.6,0.0,0.0,5.76,20.8,10.982958333333334,0,-5.76,2,7,Harmattan
2023-02-19,32.2,22.2,27.1,0.0,0.0,4.89,17.8,10.852130555555554,0,-4.89,2,7,Harmattan
2023-02-20,32.3,24.9,28.0,0.0,0.0,4.76,17.7,10.715055555555555,0,-4.76,2,8,Harmattan
2023-02-21,32.2,24.4,28.0,0.0,0.0,4.72,18.2,10.723891666666667,0,-4.72,2,8,Harmattan
2023-02-22,32.0,26.2,28.6,0.0,0.0,4.74,20.5,10.660644444444443,0,-4.74,2,8,Harmattan
2023-02-23,32.5,26.6,28.7,0.0,0.0,4.74,23.2,10.476402777777778,0,-4.74,2,8,Harmattan
2023-02-24,31.7,26.7,28.6,1.4,6.0,4.29,19.3,10.53285,0,-2.89,2,8,Harmattan
2023-02-25,31.1,26.6,28.2,1.9,2.0,4.32,20.0,10.17856388888889,0,-2.4200000000000004,2,8,Harmattan
2023-02-26,31.2,25.6,28.0,0.9,3.0,4.05,20.6,9.968141666666666,0,-3.15,2,8,Harmattan
2023-02-27,31.3,26.2,28.4,0.0,0.0,4.41,20.5,10.094458333333334,0,-4.41,2,9,Harmattan
2023-02-28,32.3,25.5,28.4,0.0,0.0,4.67,17.8,10.469399999999998,0,-4.67,2,9,Harmattan
2023-03-01,31.7,26.1,28.5,0.1,1.0,4.1,18.1,10.230119444444444,0,-3.9999999999999996,3,9,Grande Saison Sèche
2023-03-02,32.0,26.6,28.8,0.0,0.0,4.62,17.0,10.340180555555555,0,-4.62,3,9,Grande Saison Sèche
2023-03-03,31.4,26.5,28.4,1.5,9.0,4.21,20.6,9.519797222222222,0,-2.71,3,9,Grande Saison Sèche
2023-03-04,30.5,25.1,27.9,1.0,5.0,4.14,17.4,10.448027777777778,0,-3.1399999999999997,3,9,Grande Saison Sèche
2023-03-05,31.8,26.0,28.5,0.0,0.0,4.77,20.6,10.273958333333333,0,-4.77,3,9,Grande Saison Sèche
2023-03-06,32.0,27.1,28.9,0.1,1.0,3.91,23.2,8.672094444444445,0,-3.81,3,10,Grande Saison Sèche
2023-03-07,32.0,25.0,27.9,9.1,5.0,2.87,22.7,2.5887166666666666,0,6.2299999999999995,3,10,Grande Saison Sèche
2023-03-08,31.1,26.2,28.3,3.3,5.0,4.08,18.7,10.126969444444443,0,-0.7800000000000002,3,10,Grande Saison Sèche
2023-03-09,31.4,26.5,28.6,0.5,2.0,4.44,22.1,9.302952777777778,0,-3.9400000000000004,3,10,Grande Saison Sèche
2023-03-10,31.3,25.0,28.1,0.0,0.0,3.47,19.3,7.339052777777778,0,-3.47,3,10,Grande Saison Sèche
2023-03-11,31.9,26.5,28.5,2.0,4.0,4.4,16.1,9.498427777777778,0,-2.4000000000000004,3,10,Grande Saison Sèche
2023-03-12,30.7,25.6,27.6,0.3,1.0,3.25,19.1,5.117780555555555,0,-2.95,3,10,Grande Saison Sèche
2023-03-13,31.5,25.9,28.3,0.0,0.0,4.55,16.2,9.44418888888889,0,-4.55,3,11,Grande Saison Sèche
2023-03-14,31.6,26.0,28.4,0.0,0.0,4.58,19.5,10.388819444444444,0,-4.58,3,11,Grande Saison Sèche
2023-03-15,32.4,25.9,28.6,0.5,2.0,4.63,19.5,10.26413611111111,0,-4.13,3,11,Grande Saison Sèche
2023-03-16,32.0,26.4,28.1,1.5,2.0,4.3,15.9,10.373322222222223,0,-2.8,3,11,Grande Saison Sèche
2023-03-17,31.4,25.4,28.4,0.3,3.0,4.53,19.1,10.44198888888889,0,-4.23,3,11,Grande Saison Sèche
2023-03-18,29.5,24.9,27.0,6.1,3.0,3.36,18.7,4.558558333333334,0,2.7399999999999998,3,11,Grande Saison Sèche
2023-03-19,31.0,24.0,27.4,0.0,0.0,4.5,19.7,10.267552777777778,0,-4.5,3,11,Grande Saison Sèche
2023-03-20,30.8,25.9,28.0,1.9,3.0,4.56,16.5,10.62068611111111,0,-2.6599999999999997,3,12,Grande Saison Sèche
2023-03-21,31.2,25.0,27.9,5.6,7.0,4.38,18.2,10.743883333333335,0,1.2199999999999998,3,12,Grande Saison Sèche
2023-03-22,29.0,23.5,26.4,6.5,7.0,3.44,11.9,7.280766666666667,0,3.06,3,12,Grande Saison Sèche
2023-03-23,31.6,24.8,27.2,6.5,6.0,3.94,14.0,10.092041666666667,0,2.56,3,12,Grande Saison Sèche
2023-03-24,29.8,23.5,26.5,18.5,7.0,3.27,15.2,5.021338888888889,0,15.23,3,12,Grande Saison Sèche
2023-03-25,30.5,26.2,28.0,0.0,0.0,4.32,14.2,8.940661111111112,0,-4.32,3,12,Grande Saison Sèche
2023-03-26,30.5,25.2,27.9,1.2,3.0,4.45,15.5,10.323925,0,-3.25,3,12,Grande Saison Sèche
2023-03-27,29.8,24.2,27.1,3.9,1.0,3.95,13.9,8.864619444444445,0,-0.050000000000000266,3,13,Grande Saison Sèche
2023-03-28,31.5,25.9,28.4,0.0,0.0,5.0,16.1,11.167686111111111,0,-5.0,3,13,Grande Saison Sèche
2023-03-29,31.7,26.3,28.7,0.2,1.0,4.85,16.5,10.528386111111113,0,-4.6499999999999995,3,13,Grande Saison Sèche
2023-03-30,31.9,26.0,28.6,5.1,3.0,4.5,18.0,10.226566666666667,0,0.5999999999999996,3,13,Grande Saison Sèche
2023-03-31,30.6,24.0,27.6,7.2,4.0,3.15,17.2,4.764680555555556,0,4.050000000000001,3,13,Grande Saison Sèche
2023-04-01,30.2,27.1,28.4,0.2,2.0,3.0,16.7,4.0500388888888885,0,-2.8,4,13,Grande Saison Sèche
2023-04-02,31.4,25.8,28.5,0.0,0.0,5.05,16.2,11.232672222222224,0,-5.05,4,13,Grande Saison Sèche
2023-04-03,31.5,24.9,28.3,3.5,6.0,4.65,18.4,11.222336111111112,0,-1.1500000000000004,4,14,Grande Saison Sèche
2023-04-04,31.2,24.5,28.0,9.0,5.0,4.6,18.8,10.524577777777779,0,4.4,4,14,Grande Saison Sèche
2023-04-05,31.1,26.5,28.5,0.1,1.0,5.18,18.7,11.226011111111111,0,-5.08,4,14,Grande Saison Sèche
2023-04-06,33.7,26.3,28.6,1.3,1.0,5.09,22.4,11.258622222222222,0,-3.79,4,14,Grande Saison Sèche
2023-04-07,31.5,26.5,28.4,3.4,5.0,4.2,20.8,10.350116666666667,0,-0.8000000000000003,4,14,Grande Saison Sèche
2023-04-08,31.5,24.9,27.7,8.4,7.0,3.73,17.6,7.112294444444444,0,4.67,4,14,Grande Saison Sèche
2023-04-09,30.4,25.0,27.7,18.3,7.0,3.49,17.1,7.027966666666667,0,14.81,4,14,Grande Saison Sèche
2023-04-10,31.6,26.6,28.7,0.6,1.0,4.76,15.3,9.679072222222223,0,-4.16,4,15,Grande Saison Sèche
2023-04-11,30.5,27.0,28.5,0.2,2.0,4.68,18.9,11.548244444444444,0,-4.4799999999999995,4,15,Grande Saison Sèche
2023-04-12,30.1,27.1,28.4,0.1,1.0,3.19,16.8,6.131488888888889,0,-3.09,4,15,Grande Saison Sèche
2023-04-13,31.4,26.5,28.7,0.7,2.0,4.75,19.2,11.563605555555556,0,-4.05,4,15,Grande Saison Sèche
2023-04-14,32.1,26.2,28.8,0.2,2.0,5.03,19.4,11.617233333333333,0,-4.83,4,15,Grande Saison Sèche
2023-04-15,30.5,27.1,28.7,2.8,9.0,4.23,20.9,9.310836111111112,0,-1.4300000000000006,4,15,Grande Saison Sèche
2023-04-16,31.6,25.1,28.4,0.1,1.0,5.03,18.2,11.826358333333333,0,-4.930000000000001,4,15,Grande Saison Sèche
2023-04-17,31.1,24.8,27.6,2.0,2.0,4.23,15.9,10.391969444444443,0,-2.2300000000000004,4,16,Grande Saison Sèche
2023-04-18,31.5,25.0,28.0,0.3,1.0,4.42,13.3,11.880663888888888,0,-4.12,4,16,Grande Saison Sèche
2023-04-19,32.0,26.2,27.9,10.7,3.0,3.69,17.3,9.0,0,7.01,4,16,Grande Saison Sèche
2023-04-20,31.7,26.2,28.2,16.6,7.0,3.81,20.3,7.291822222222223,0,12.790000000000001,4,16,Grande Saison Sèche
2023-04-21,31.6,26.9,28.7,0.0,0.0,5.05,18.2,11.427125,0,-5.05,4,16,Grande Saison Sèche
2023-04-22,31.9,26.3,28.6,4.6,8.0,4.5,21.9,10.953416666666667,0,0.09999999999999964,4,16,Grande Saison Sèche
2023-04-23,29.5,25.5,27.0,9.2,11.0,3.24,20.5,7.631652777777778,0,5.959999999999999,4,16,Grande Saison Sèche
2023-04-24,30.4,24.6,27.1,2.7,3.0,2.98,11.5,4.252969444444445,0,-0.2799999999999998,4,17,Grande Saison Sèche
2023-04-25,31.1,25.1,28.1,0.0,0.0,4.64,15.6,11.067730555555556,0,-4.64,4,17,Grande Saison Sèche
2023-04-26,31.1,24.5,27.8,0.4,3.0,4.24,25.8,10.091102777777778,0,-3.8400000000000003,4,17,Grande Saison Sèche
2023-04-27,32.0,26.2,27.9,9.1,5.0,4.16,19.6,9.061933333333332,0,4.9399999999999995,4,17,Grande Saison Sèche
2023-04-28,30.5,25.6,27.8,1.1,6.0,3.63,15.6,6.593908333333333,0,-2.53,4,17,Grande Saison Sèche
2023-04-29,31.2,24.8,27.4,13.4,9.0,4.29,19.3,7.7479,0,9.11,4,17,Grande Saison Sèche
2023-04-30,28.8,23.6,26.4,0.3,2.0,2.42,8.8,1.5651,0,-2.12,4,17,Grande Saison Sèche
2023-05-01,31.0,25.2,27.9,3.9,3.0,4.48,14.8,11.462147222222223,0,-0.5800000000000005,5,18,Grande Saison Pluies
2023-05-02,30.6,25.7,28.1,1.2,3.0,4.44,16.2,10.401427777777778,0,-3.24,5,18,Grande Saison Pluies
2023-05-03,30.6,25.6,28.1,1.8,3.0,4.47,15.8,11.842747222222222,0,-2.67,5,18,Grande Saison Pluies
2023-05-04,31.0,25.4,27.8,1.2,4.0,4.77,17.3,11.985319444444444,0,-3.5699999999999994,5,18,Grande Saison Pluies
2023-05-05,31.8,24.8,27.9,0.0,0.0,4.66,15.5,11.68173611111111,0,-4.66,5,18,Grande Saison Pluies
2023-05-06,31.4,25.7,27.9,7.3,2.0,4.14,16.8,11.559641666666666,0,3.16,5,18,Grande Saison Pluies
2023-05-07,30.6,25.0,27.9,0.3,1.0,4.68,14.3,11.988161111111111,0,-4.38,5,18,Grande Saison Pluies
2023-05-08,31.4,25.4,28.3,0.0,0.0,4.9,17.7,11.850019444444444,0,-4.9,5,19,Grande Saison Pluies
2023-05-09,31.9,26.1,28.9,1.6,3.0,4.84,14.3,11.716669444444445,0,-3.2399999999999998,5,19,Grande Saison Pluies
2023-05-10,32.2,27.5,29.5,0.0,0.0,5.24,21.6,11.650297222222223,0,-5.24,5,19,Grande Saison Pluies
2023-05-11,31.9,27.5,28.9,6.3,9.0,4.62,20.1,11.993502777777778,0,1.6799999999999997,5,19,Grande Saison Pluies
2023-05-12,30.9,26.4,28.5,2.3,12.0,4.5,14.1,11.99511388888889,0,-2.2,5,19,Grande Saison Pluies
2023-05-13,32.2,26.2,28.8,1.7,4.0,4.6,13.0,11.449666666666667,0,-2.8999999999999995,5,19,Grande Saison Pluies
2023-05-14,32.1,26.8,28.7,2.8,5.0,4.12,14.2,9.043858333333333,0,-1.3200000000000003,5,19,Grande Saison Pluies
2023-05-15,29.0,24.9,26.6,29.2,12.0,1.84,12.0,0.2743222222222222,0,27.36,5,20,Grande Saison Pluies
2023-05-16,30.9,25.1,27.9,0.7,3.0,4.51,15.1,11.0,0,-3.8099999999999996,5,20,Grande Saison Pluies
2023-05-17,30.5,25.4,28.1,1.7,8.0,4.05,18.9,10.975266666666666,0,-2.3499999999999996,5,20,Grande Saison Pluies
2023-05-18,29.5,25.2,27.3,5.7,7.0,3.03,12.9,4.449816666666667,0,2.6700000000000004,5,20,Grande Saison Pluies
2023-05-19,29.9,25.5,27.4,7.1,6.0,3.81,18.4,11.906983333333333,0,3.2899999999999996,5,20,Grande Saison Pluies
2023-05-20,30.4,24.4,27.3,1.6,4.0,3.77,16.9,11.0,0,-2.17,5,20,Grande Saison Pluies
2023-05-21,29.5,25.0,27.1,5.2,11.0,3.53,16.5,6.776433333333333,0,1.6700000000000004,5,20,Grande Saison Pluies
2023-05-22,29.4,24.8,26.9,4.6,11.0,3.43,13.6,6.947683333333333,0,1.1699999999999995,5,21,Grande Saison Pluies
2023-05-23,30.0,25.7,27.9,2.0,6.0,3.87,12.6,10.375269444444445,0,-1.87,5,21,Grande Saison Pluies
2023-05-24,29.6,25.4,27.4,2.1,4.0,3.85,12.7,12.0,0,-1.75,5,21,Grande Saison Pluies
2023-05-25,30.5,25.0,27.5,0.9,6.0,4.18,16.8,10.0,0,-3.28,5,21,Grande Saison Pluies
2023-05-26,30.9,25.8,28.3,4.2,4.0,4.34,18.0,11.933691666666666,0,-0.13999999999999968,5,21,Grande Saison Pluies
2023-05-27,30.5,25.9,27.4,1.8,5.0,3.09,20.6,5.980236111111111,0,-1.2899999999999998,5,21,Grande Saison Pluies
2023-05-28,30.5,25.7,27.9,0.3,3.0,4.23,17.2,9.434469444444444,0,-3.9300000000000006,5,21,Grande Saison Pluies
2023-05-29,29.6,26.6,27.8,4.9,8.0,3.43,17.4,6.169388888888888,0,1.4700000000000002,5,22,Grande Saison Pluies
2023-05-30,30.0,26.0,28.0,1.8,6.0,4.32,13.3,10.992177777777776,0,-2.5200000000000005,5,22,Grande Saison Pluies
2023-05-31,30.5,25.6,28.0,5.5,10.0,4.48,18.6,12.0,0,1.0199999999999996,5,22,Grande Saison Pluies
2023-06-01,28.5,25.6,27.0,1.3,8.0,3.03,19.6,7.824158333333334,0,-1.7299999999999998,6,22,Grande Saison Pluies
2023-06-02,28.9,24.9,26.2,13.4,20.0,2.6,18.4,4.5708722222222224,0,10.8,6,22,Grande Saison Pluies
2023-06-03,29.0,24.4,26.3,1.0,6.0,3.16,14.5,9.049533333333333,0,-2.16,6,22,Grande Saison Pluies
2023-06-04,29.2,24.9,26.9,1.7,7.0,3.78,17.6,11.152702777777778,0,-2.08,6,22,Grande Saison Pluies
2023-06-05,29.6,25.4,27.4,0.7,5.0,4.01,19.1,10.428,0,-3.3099999999999996,6,23,Grande Saison Pluies
2023-06-06,29.4,25.5,26.8,23.1,13.0,3.2,15.5,7.317816666666666,0,19.900000000000002,6,23,Grande Saison Pluies
2023-06-07,27.9,24.0,25.6,5.4,19.0,1.94,15.3,1.9563499999999998,0,3.4600000000000004,6,23,Grande Saison Pluies
2023-06-08,27.9,23.9,26.0,14.5,11.0,2.34,17.7,2.444861111111111,0,12.16,6,23,Grande Saison Pluies
2023-06-09,29.0,24.8,26.4,9.0,8.0,3.85,16.7,11.339944444444445,0,5.15,6,23,Grande Saison Pluies
2023-06-10,28.2,23.8,25.6,12.4,17.0,3.3,20.3,10.684233333333333,0,9.100000000000001,6,23,Grande Saison Pluies
2023-06-11,28.6,24.3,26.4,6.4,13.0,3.27,21.3,5.926377777777778,0,3.1300000000000003,6,23,Grande Saison Pluies
2023-06-12,29.7,23.2,26.6,0.0,0.0,4.77,15.5,12.0,0,-4.77,6,24,Grande Saison Pluies
2023-06-13,30.1,23.7,26.6,0.4,2.0,4.66,20.3,12.0,0,-4.26,6,24,Grande Saison Pluies
2023-06-14,29.4,24.9,26.7,8.3,10.0,4.35,21.9,11.044708333333332,0,3.950000000000001,6,24,Grande Saison Pluies
2023-06-15,29.6,24.7,26.2,6.1,14.0,3.63,19.4,9.648536111111111,0,2.4699999999999998,6,24,Grande Saison Pluies
2023-06-16,28.8,24.5,26.1,0.8,6.0,2.49,13.6,4.979233333333334,0,-1.6900000000000002,6,24,Grande Saison Pluies
2023-06-17,30.0,24.4,26.8,0.3,2.0,3.33,14.0,8.151275,0,-3.0300000000000002,6,24,Grande Saison Pluies
2023-06-18,30.2,25.4,26.8,4.3,8.0,3.93,22.6,11.34986111111111,0,0.36999999999999966,6,24,Grande Saison Pluies
2023-06-19,27.8,24.5,25.7,4.0,9.0,2.47,15.6,4.6405111111111115,0,1.5299999999999998,6,25,Grande Saison Pluies
2023-06-20,28.5,24.5,25.9,16.1,8.0,2.82,18.7,6.773355555555556,0,13.280000000000001,6,25,Grande Saison Pluies
2023-06-21,26.6,23.9,24.7,8.1,17.0,2.1,15.9,4.513391666666666,0,6.0,6,25,Grande Saison Pluies
2023-06-22,28.3,23.6,25.6,10.7,8.0,3.0,15.8,8.66248888888889,0,7.699999999999999,6,25,Grande Saison Pluies
2023-06-23,27.0,23.9,25.5,1.8,9.0,3.19,20.2,8.717730555555557,0,-1.39,6,25,Grande Saison Pluies
2023-06-24,27.0,23.9,24.9,26.8,18.0,2.15,18.9,1.7868638888888888,0,24.650000000000002,6,25,Grande Saison Pluies
2023-06-25,27.4,23.9,25.3,3.3,11.0,3.48,17.6,11.32922222222222,0,-0.18000000000000016,6,25,Grande Saison Pluies
2023-06-26,27.8,24.1,25.6,0.0,0.0,3.44,17.7,8.106144444444444,0,-3.44,6,26,Grande Saison Pluies
2023-06-27,28.6,23.5,25.7,0.0,0.0,3.78,19.0,10.889333333333333,0,-3.78,6,26,Grande Saison Pluies
2023-06-28,29.5,23.6,24.9,18.3,18.0,2.52,17.8,3.9469555555555558,0,15.780000000000001,6,26,Grande Saison Pluies
2023-06-29,27.9,23.4,25.1,0.2,2.0,3.52,14.7,9.576102777777779,0,-3.32,6,26,Grande Saison Pluies
2023-06-30,28.9,22.6,25.3,0.9,6.0,3.87,13.8,11.975369444444445,0,-2.97,6,26,Grande Saison Pluies
2023-07-01,29.7,23.2,25.6,2.4,5.0,4.04,15.5,11.86188888888889,0,-1.6400000000000001,7,26,Grande Saison Pluies
2023-07-02,28.5,23.7,25.2,11.1,4.0,3.06,15.5,11.150619444444445,0,8.04,7,26,Grande Saison Pluies
2023-07-03,28.8,23.7,25.6,0.6,4.0,4.08,17.3,11.92625,0,-3.48,7,27,Grande Saison Pluies
2023-07-04,29.3,23.4,25.8,6.3,4.0,3.66,17.5,11.964925000000001,0,2.6399999999999997,7,27,Grande Saison Pluies
2023-07-05,28.8,23.2,25.4,0.4,4.0,2.69,14.2,5.041033333333334,0,-2.29,7,27,Grande Saison Pluies
2023-07-06,29.0,23.0,25.7,2.1,8.0,3.93,17.5,12.0,0,-1.83,7,27,Grande Saison Pluies
2023-07-07,29.1,24.0,26.0,11.5,9.0,3.38,16.6,10.588719444444445,0,8.120000000000001,7,27,Grande Saison Pluies
2023-07-08,29.0,23.7,25.3,10.6,9.0,2.68,20.8,5.602502777777778,0,7.92,7,27,Grande Saison Pluies
2023-07-09,27.5,23.5,24.7,6.3,18.0,2.3,14.0,4.5144111111111105,0,4.0,7,27,Grande Saison Pluies
2023-07-10,28.2,23.6,25.5,5.3,9.0,3.47,15.0,9.728169444444445,0,1.8299999999999996,7,28,Grande Saison Pluies
2023-07-11,28.4,23.5,25.8,1.1,8.0,4.07,18.5,12.0,0,-2.97,7,28,Grande Saison Pluies
2023-07-12,26.7,23.4,24.7,8.2,12.0,2.05,14.3,1.0576777777777777,0,6.1499999999999995,7,28,Grande Saison Pluies
2023-07-13,27.6,22.5,25.1,2.2,5.0,3.9,14.4,11.513697222222222,0,-1.6999999999999997,7,28,Grande Saison Pluies
2023-07-14,29.2,23.0,25.9,0.7,4.0,4.19,12.2,12.0,0,-3.49,7,28,Grande Saison Pluies
2023-07-15,29.5,23.9,26.1,0.9,5.0,3.57,16.3,11.64525,0,-2.67,7,28,Grande Saison Pluies
2023-07-16,29.5,23.4,25.7,1.2,5.0,2.91,16.2,6.974975,0,-1.7100000000000002,7,28,Grande Saison Pluies
2023-07-17,29.5,23.6,25.6,8.0,9.0,3.42,15.3,10.275777777777778,0,4.58,7,29,Grande Saison Pluies
2023-07-18,29.3,23.4,26.1,0.7,2.0,4.28,21.9,12.0,0,-3.58,7,29,Grande Saison Pluies
2023-07-19,30.0,24.5,26.5,1.3,6.0,4.06,21.1,11.0,0,-2.76,7,29,Grande Saison Pluies
2023-07-20,29.2,25.0,26.3,2.8,9.0,4.19,20.0,12.0,0,-1.3900000000000006,7,29,Grande Saison Pluies
2023-07-21,29.4,24.0,25.9,9.0,7.0,3.57,16.1,9.831294444444445,0,5.43,7,29,Grande Saison Pluies
2023-07-22,27.6,23.9,25.3,25.9,14.0,3.01,19.2,7.461955555555556,0,22.89,7,29,Grande Saison Pluies
2023-07-23,26.1,23.5,24.5,7.3,17.0,1.57,13.5,0.5824277777777778,0,5.7299999999999995,7,29,Grande Saison Pluies
2023-07-24,27.8,23.5,25.0,26.8,17.0,2.42,17.6,3.0,0,24.380000000000003,7,30,Grande Saison Pluies
2023-07-25,28.7,23.4,25.3,0.8,5.0,3.98,17.7,10.038411111111111,0,-3.1799999999999997,7,30,Grande Saison Pluies
2023-07-26,28.0,23.5,25.6,0.7,6.0,3.93,17.2,12.0,0,-3.2300000000000004,7,30,Grande Saison Pluies
2023-07-27,28.7,24.4,25.8,3.3,9.0,3.58,17.6,9.311825,0,-0.28000000000000025,7,30,Grande Saison Pluies
2023-07-28,27.8,24.1,25.4,0.6,4.0,3.71,18.9,10.309341666666667,0,-3.11,7,30,Grande Saison Pluies
2023-07-29,27.5,23.8,25.1,2.7,8.0,2.69,15.0,7.377252777777778,0,0.010000000000000231,7,30,Grande Saison Pluies
2023-07-30,28.5,23.6,25.5,3.1,7.0,3.64,14.8,12.0,0,-0.54,7,30,Grande Saison Pluies
2023-07-31,27.8,23.8,25.5,5.2,8.0,3.22,20.7,10.321616666666667,0,1.98,7,31,Grande Saison Pluies
2023-08-01,27.6,24.5,25.6,3.5,7.0,2.97,24.6,8.744333333333334,0,0.5299999999999998,8,31,Petite Saison Sèche
2023-08-02,27.0,24.2,25.3,1.5,8.0,3.23,21.2,8.8213,0,-1.73,8,31,Petite Saison Sèche
2023-08-03,26.5,23.9,25.0,1.1,7.0,2.38,15.2,3.0141194444444444,0,-1.2799999999999998,8,31,Petite Saison Sèche
2023-08-04,27.2,23.4,25.1,0.8,7.0,3.55,16.4,11.010325,0,-2.75,8,31,Petite Saison Sèche
2023-08-05,28.0,23.3,25.4,0.7,6.0,3.89,16.8,12.0,0,-3.1900000000000004,8,31,Petite Saison Sèche
2023-08-06,28.0,23.6,25.4,1.7,9.0,3.58,18.5,11.722997222222222,0,-1.8800000000000001,8,31,Petite Saison Sèche
2023-08-07,28.2,23.6,25.6,0.7,5.0,3.92,17.4,10.837147222222223,0,-3.2199999999999998,8,32,Petite Saison Sèche
2023-08-08,28.6,24.4,25.6,0.7,3.0,4.07,22.9,12.0,0,-3.37,8,32,Petite Saison Sèche
2023-08-09,27.6,24.3,25.5,3.8,7.0,3.65,23.6,10.856575,0,0.1499999999999999,8,32,Petite Saison Sèche
2023-08-10,27.6,24.2,25.4,1.0,8.0,3.64,18.4,9.405227777777778,0,-2.64,8,32,Petite Saison Sèche
2023-08-11,28.0,23.5,25.3,0.7,3.0,3.15,15.5,9.273525000000001,0,-2.45,8,32,Petite Saison Sèche
2023-08-12,27.9,23.5,25.3,1.2,8.0,3.77,20.2,11.280533333333333,0,-2.5700000000000003,8,32,Petite Saison Sèche
2023-08-13,28.4,23.7,25.6,2.4,6.0,3.94,21.8,11.981055555555557,0,-1.54,8,32,Petite Saison Sèche
2023-08-14,27.9,23.7,24.9,2.7,13.0,3.19,17.7,7.6720250000000005,0,-0.48999999999999977,8,33,Petite Saison Sèche
2023-08-15,27.7,23.2,25.1,0.7,4.0,3.83,15.2,10.245680555555555,0,-3.13,8,33,Petite Saison Sèche
2023-08-16,28.9,22.6,25.1,0.1,1.0,3.17,12.4,9.06315,0,-3.07,8,33,Petite Saison Sèche
2023-08-17,27.5,23.1,25.0,15.2,11.0,3.02,12.7,7.373022222222223,0,12.18,8,33,Petite Saison Sèche
2023-08-18,27.6,23.5,24.9,1.6,7.0,3.19,21.3,7.842327777777778,0,-1.5899999999999999,8,33,Petite Saison Sèche
2023-08-19,27.8,22.8,24.6,5.6,9.0,2.46,15.0,4.506108333333334,0,3.1399999999999997,8,33,Petite Saison Sèche
2023-08-20,27.8,22.7,25.0,0.0,0.0,3.57,17.3,11.167763888888889,0,-3.57,8,33,Petite Saison Sèche
2023-08-21,28.5,23.4,25.7,0.4,4.0,4.16,16.2,11.891561111111113,0,-3.7600000000000002,8,34,Petite Saison Sèche
2023-08-22,28.1,23.9,25.6,0.6,3.0,4.21,17.5,11.619788888888888,0,-3.61,8,34,Petite Saison Sèche
2023-08-23,29.3,23.8,25.6,17.7,6.0,3.46,14.4,11.09645277777778,0,14.239999999999998,8,34,Petite Saison Sèche
2023-08-24,27.6,24.4,25.6,0.6,2.0,2.7,13.4,5.376319444444444,0,-2.1,8,34,Petite Saison Sèche
2023-08-25,28.8,23.6,25.6,1.2,8.0,3.75,15.7,11.378466666666668,0,-2.55,8,34,Petite Saison Sèche
2023-08-26,28.4,23.9,25.7,0.8,5.0,4.35,20.0,12.0,0,-3.55,8,34,Petite Saison Sèche
2023-08-27,28.2,24.4,25.8,1.3,6.0,3.96,18.7,9.022769444444444,0,-2.66,8,34,Petite Saison Sèche
2023-08-28,28.6,24.0,25.6,2.6,10.0,2.92,14.4,6.923147222222223,0,-0.31999999999999984,8,35,Petite Saison Sèche
2023-08-29,28.9,24.2,26.1,0.4,3.0,4.46,18.7,11.0,0,-4.06,8,35,Petite Saison Sèche
2023-08-30,29.6,24.0,25.9,8.1,9.0,3.48,18.9,8.350208333333333,0,4.619999999999999,8,35,Petite Saison Sèche
2023-08-31,27.9,23.5,25.3,4.5,10.0,3.79,18.7,9.997791666666668,0,0.71,8,35,Petite Saison Sèche
2023-09-01,28.4,23.6,25.7,3.0,5.0,3.65,17.6,11.679672222222223,0,-0.6499999999999999,9,35,Petite Saison Pluies
2023-09-02,27.2,22.8,24.5,12.0,13.0,2.18,18.0,3.9154944444444446,0,9.82,9,35,Petite Saison Pluies
2023-09-03,25.9,22.9,24.0,8.5,20.0,2.17,17.7,4.348041666666667,0,6.33,9,35,Petite Saison Pluies
2023-09-04,29.1,23.1,25.1,3.3,14.0,3.24,12.9,6.413772222222223,0,0.05999999999999961,9,36,Petite Saison Pluies
2023-09-05,27.8,23.6,25.0,9.4,16.0,2.62,16.4,5.187758333333333,0,6.78,9,36,Petite Saison Pluies
2023-09-06,28.1,22.9,25.2,1.8,5.0,3.75,15.9,11.937683333333334,0,-1.95,9,36,Petite Saison Pluies
2023-09-07,28.6,23.4,25.7,0.8,3.0,4.07,16.0,11.92913888888889,0,-3.2700000000000005,9,36,Petite Saison Pluies
2023-09-08,29.6,24.2,26.3,3.9,11.0,3.85,18.1,10.0,0,0.04999999999999982,9,36,Petite Saison Pluies
2023-09-09,27.6,23.4,24.7,23.6,17.0,2.46,16.3,5.4537611111111115,0,21.14,9,36,Petite Saison Pluies
2023-09-10,28.5,21.9,25.4,1.0,5.0,3.58,13.6,11.881461111111111,0,-2.58,9,36,Petite Saison Pluies
2023-09-11,29.2,24.0,26.0,2.8,8.0,4.11,17.6,10.97006388888889,0,-1.3100000000000005,9,37,Petite Saison Pluies
2023-09-12,28.5,23.9,25.4,4.3,12.0,3.33,18.6,9.399969444444444,0,0.9699999999999998,9,37,Petite Saison Pluies
2023-09-13,27.4,24.1,25.3,8.3,14.0,2.81,21.2,7.313488888888889,0,5.49,9,37,Petite Saison Pluies
2023-09-14,28.5,23.8,25.7,1.6,7.0,4.23,14.4,11.869544444444445,0,-2.6300000000000003,9,37,Petite Saison Pluies
2023-09-15,28.5,23.6,25.5,1.1,7.0,3.01,18.4,9.127797222222222,0,-1.9099999999999997,9,37,Petite Saison Pluies
2023-09-16,27.9,24.2,25.5,7.7,11.0,2.71,17.7,5.582708333333334,0,4.99,9,37,Petite Saison Pluies
2023-09-17,28.2,23.9,25.5,7.2,10.0,3.26,17.4,8.862716666666666,0,3.9400000000000004,9,37,Petite Saison Pluies
2023-09-18,27.9,23.0,25.1,1.2,6.0,3.09,12.9,9.007994444444444,0,-1.89,9,38,Petite Saison Pluies
2023-09-19,29.0,23.2,25.4,8.3,14.0,3.42,12.8,6.367866666666667,0,4.880000000000001,9,38,Petite Saison Pluies
2023-09-20,29.0,23.1,25.8,0.2,2.0,3.91,14.4,11.62625,0,-3.71,9,38,Petite Saison Pluies
2023-09-21,29.4,24.0,26.3,0.0,0.0,4.7,15.9,11.809066666666666,0,-4.7,9,38,Petite Saison Pluies
2023-09-22,29.8,23.1,25.1,8.9,10.0,2.64,10.7,5.420633333333333,0,6.26,9,38,Petite Saison Pluies
2023-09-23,28.4,22.3,25.0,0.3,3.0,3.29,12.2,8.114180555555555,0,-2.99,9,38,Petite Saison Pluies
2023-09-24,27.7,23.4,25.4,10.0,12.0,2.54,16.6,7.051716666666667,0,7.46,9,38,Petite Saison Pluies
2023-09-25,28.3,22.9,25.8,0.5,4.0,4.35,14.1,11.773733333333334,0,-3.8499999999999996,9,39,Petite Saison Pluies
2023-09-26,29.0,23.5,26.3,1.4,5.0,4.28,15.9,11.764994444444445,0,-2.8800000000000003,9,39,Petite Saison Pluies
2023-09-27,29.8,24.0,26.7,0.8,6.0,4.24,15.7,11.5861,0,-3.4400000000000004,9,39,Petite Saison Pluies
2023-09-28,29.8,25.0,26.9,1.6,7.0,4.27,16.0,11.590583333333333,0,-2.6699999999999995,9,39,Petite Saison Pluies
2023-09-29,30.0,24.6,26.6,10.6,9.0,3.84,14.4,9.746230555555556,0,6.76,9,39,Petite Saison Pluies
2023-09-30,29.7,23.7,26.4,2.0,7.0,3.94,14.1,11.342172222222223,0,-1.94,9,39,Petite Saison Pluies
2023-10-01,29.0,24.5,26.3,2.5,10.0,3.97,17.4,11.475219444444445,0,-1.4700000000000002,10,39,Petite Saison Pluies
2023-10-02,29.4,24.1,26.4,2.4,9.0,3.95,16.5,11.543930555555557,0,-1.5500000000000003,10,40,Petite Saison Pluies
2023-10-03,29.0,24.5,26.4,0.9,4.0,3.78,16.9,10.078441666666667,0,-2.88,10,40,Petite Saison Pluies
2023-10-04,30.9,23.8,26.8,6.0,4.0,4.37,13.9,11.48803611111111,0,1.63,10,40,Petite Saison Pluies
2023-10-05,29.8,24.4,25.8,6.9,7.0,2.99,9.2,8.143744444444444,0,3.91,10,40,Petite Saison Pluies
2023-10-06,30.0,23.3,26.4,4.5,6.0,4.5,12.4,11.496394444444444,0,0.0,10,40,Petite Saison Pluies
2023-10-07,29.8,24.0,26.3,18.9,12.0,3.74,14.5,9.0,0,15.159999999999998,10,40,Petite Saison Pluies
2023-10-08,29.0,24.5,25.7,16.0,20.0,2.75,12.3,5.227150000000001,0,13.25,10,40,Petite Saison Pluies
2023-10-09,30.6,23.8,26.0,16.6,14.0,3.62,12.3,8.101391666666666,0,12.98,10,41,Petite Saison Pluies
2023-10-10,29.8,24.0,26.4,1.7,5.0,3.43,10.1,10.14563888888889,0,-1.7300000000000002,10,41,Petite Saison Pluies
2023-10-11,29.4,24.1,26.5,3.9,6.0,3.65,13.6,8.219936111111112,0,0.25,10,41,Petite Saison Pluies
2023-10-12,28.9,24.3,26.3,2.7,5.0,2.94,14.8,7.840355555555555,0,-0.23999999999999977,10,41,Petite Saison Pluies
2023-10-13,30.0,23.5,26.3,0.7,6.0,3.06,9.8,5.078361111111111,0,-2.3600000000000003,10,41,Petite Saison Pluies
2023-10-14,29.6,24.0,26.5,2.1,4.0,3.25,13.2,8.109488888888889,0,-1.15,10,41,Petite Saison Pluies
2023-10-15,30.0,23.8,26.8,1.2,4.0,4.39,12.3,11.209563888888889,0,-3.1899999999999995,10,41,Petite Saison Pluies
2023-10-16,29.5,24.1,26.3,10.5,9.0,3.61,16.9,11.148294444444444,0,6.890000000000001,10,42,Petite Saison Pluies
2023-10-17,28.9,23.0,25.0,5.5,7.0,2.42,11.5,4.987988888888888,0,3.08,10,42,Petite Saison Pluies
2023-10-18,29.9,22.8,26.1,0.0,0.0,4.64,12.2,11.000586111111112,0,-4.64,10,42,Petite Saison Pluies
2023-10-19,30.3,24.0,27.0,0.3,2.0,4.36,14.0,11.158925,0,-4.0600000000000005,10,42,Petite Saison Pluies
2023-10-20,29.9,24.5,27.0,0.6,4.0,4.51,13.9,11.162275000000001,0,-3.9099999999999997,10,42,Petite Saison Pluies
2023-10-21,30.7,24.2,27.2,2.6,5.0,4.42,13.5,11.165522222222222,0,-1.8199999999999998,10,42,Petite Saison Pluies
2023-10-22,30.9,24.5,26.9,1.0,3.0,4.36,12.0,11.03770277777778,0,-3.3600000000000003,10,42,Petite Saison Pluies
2023-10-23,30.1,25.4,27.1,3.4,6.0,3.95,13.1,9.130080555555557,0,-0.5500000000000003,10,43,Petite Saison Pluies
2023-10-24,29.5,24.4,26.6,2.7,11.0,3.75,12.0,9.237922222222222,0,-1.0499999999999998,10,43,Petite Saison Pluies
2023-10-25,30.5,24.9,27.3,0.4,3.0,4.07,17.8,10.228219444444443,0,-3.6700000000000004,10,43,Petite Saison Pluies
2023-10-26,30.6,25.4,27.5,0.4,4.0,4.26,16.1,11.0,0,-3.86,10,43,Petite Saison Pluies
2023-10-27,29.9,25.1,27.2,0.3,3.0,4.23,13.7,11.050733333333334,0,-3.9300000000000006,10,43,Petite Saison Pluies
2023-10-28,30.6,23.9,27.0,0.2,2.0,4.61,12.9,11.119061111111112,0,-4.41,10,43,Petite Saison Pluies
2023-10-29,31.6,24.3,27.3,0.8,2.0,4.01,10.9,10.678205555555556,0,-3.21,10,43,Petite Saison Pluies
2023-10-30,31.1,24.7,27.6,1.0,3.0,4.39,14.9,11.0,0,-3.3899999999999997,10,44,Petite Saison Pluies
2023-10-31,30.5,24.2,26.9,2.3,5.0,3.18,9.4,6.385288888888889,0,-0.8800000000000003,10,44,Petite Saison Pluies
2023-11-01,31.1,24.0,27.3,0.2,1.0,3.83,12.2,10.691072222222223,0,-3.63,11,44,Petite Saison Pluies
2023-11-02,31.1,24.5,27.6,0.4,3.0,4.4,16.3,10.801963888888888,0,-4.0,11,44,Petite Saison Pluies
2023-11-03,31.2,25.0,27.8,1.3,5.0,4.34,17.3,11.0,0,-3.04,11,44,Petite Saison Pluies
2023-11-04,30.6,25.2,27.4,5.9,6.0,3.91,15.5,10.021780555555557,0,1.9900000000000002,11,44,Petite Saison Pluies
2023-11-05,31.0,25.1,27.3,4.6,6.0,3.77,11.0,11.0,0,0.8299999999999996,11,44,Petite Saison Pluies
2023-11-06,30.8,24.6,27.3,16.3,5.0,3.22,10.6,9.340458333333334,0,13.08,11,45,Petite Saison Pluies
2023-11-07,30.5,23.8,26.8,4.4,9.0,3.78,14.4,10.85863611111111,0,0.6200000000000006,11,45,Petite Saison Pluies
2023-11-08,30.2,24.8,27.0,1.9,8.0,3.71,15.6,8.849802777777779,0,-1.81,11,45,Petite Saison Pluies
2023-11-09,31.8,24.4,27.6,0.1,1.0,4.4,15.6,11.0,0,-4.300000000000001,11,45,Petite Saison Pluies
2023-11-10,31.4,24.6,27.8,0.5,2.0,4.44,16.8,11.007105555555556,0,-3.9400000000000004,11,45,Petite Saison Pluies
2023-11-11,31.7,25.1,28.0,2.4,5.0,4.18,14.9,11.0,0,-1.7799999999999998,11,45,Petite Saison Pluies
2023-11-12,32.1,25.0,27.9,1.6,3.0,4.31,15.1,11.0,0,-2.7099999999999995,11,45,Petite Saison Pluies
2023-11-13,31.2,24.7,27.9,0.7,5.0,4.17,11.7,11.0,0,-3.4699999999999998,11,46,Petite Saison Pluies
2023-11-14,31.8,24.4,27.7,3.9,6.0,4.15,12.9,10.85378888888889,0,-0.25000000000000044,11,46,Petite Saison Pluies
2023-11-15,29.6,25.5,27.2,2.0,5.0,3.42,18.3,8.94675,0,-1.42,11,46,Petite Saison Pluies
2023-11-16,31.6,24.0,27.6,0.0,0.0,3.69,12.4,7.203341666666667,0,-3.69,11,46,Petite Saison Pluies
2023-11-17,31.8,24.8,28.1,0.3,1.0,4.38,14.0,10.9876,0,-4.08,11,46,Petite Saison Pluies
2023-11-18,31.9,25.9,28.3,0.4,1.0,4.16,12.2,10.480872222222223,0,-3.7600000000000002,11,46,Petite Saison Pluies
2023-11-19,31.4,24.7,28.1,2.1,4.0,4.2,15.5,11.0,0,-2.1,11,46,Petite Saison Pluies
2023-11-20,31.0,25.0,27.7,0.2,2.0,4.06,15.8,11.0,0,-3.8599999999999994,11,47,Petite Saison Pluies
2023-11-21,32.0,24.1,27.8,0.1,1.0,4.38,17.4,11.0,0,-4.28,11,47,Petite Saison Pluies
2023-11-22,31.7,25.4,28.0,2.0,4.0,4.21,21.3,11.0,0,-2.21,11,47,Petite Saison Pluies
2023-11-23,31.4,26.2,28.2,0.3,2.0,3.93,16.5,8.969016666666667,0,-3.6300000000000003,11,47,Petite Saison Pluies
2023-11-24,31.4,25.6,28.1,1.3,6.0,4.1,15.8,11.0,0,-2.8,11,47,Petite Saison Pluies
2023-11-25,29.6,24.4,26.1,11.3,9.0,2.53,16.2,4.782222222222222,0,8.770000000000001,11,47,Petite Saison Pluies
2023-11-26,29.4,23.7,25.1,10.4,16.0,1.74,12.7,2.26345,0,8.66,11,47,Petite Saison Pluies
2023-11-27,30.2,23.4,26.5,0.1,1.0,3.8,11.0,10.0,0,-3.6999999999999997,11,48,Petite Saison Pluies
2023-11-28,30.7,23.5,27.1,1.1,4.0,4.0,15.0,11.0,0,-2.9,11,48,Petite Saison Pluies
2023-11-29,30.9,24.8,27.3,2.8,4.0,3.85,15.9,11.0,0,-1.0500000000000003,11,48,Petite Saison Pluies
2023-11-30,31.0,24.9,27.6,0.9,4.0,3.96,13.0,10.98998611111111,0,-3.06,11,48,Petite Saison Pluies
2023-12-01,31.2,24.9,27.9,0.2,2.0,4.16,15.0,11.0,0,-3.96,12,48,Harmattan
2023-12-02,31.1,24.8,27.7,1.4,5.0,3.94,14.5,11.0,0,-2.54,12,48,Harmattan
2023-12-03,31.4,24.2,27.8,1.5,3.0,4.15,14.6,10.572911111111113,0,-2.6500000000000004,12,48,Harmattan
2023-12-04,31.4,24.9,27.8,1.2,3.0,4.02,13.0,11.0,0,-2.8199999999999994,12,49,Harmattan
2023-12-05,31.7,24.3,27.7,0.7,3.0,3.97,15.0,11.0,0,-3.2700000000000005,12,49,Harmattan
2023-12-06,32.7,24.9,27.7,3.3,6.0,3.9,14.5,9.742744444444444,0,-0.6000000000000001,12,49,Harmattan
2023-12-07,30.5,24.5,27.5,1.7,5.0,3.78,13.8,10.383169444444446,0,-2.08,12,49,Harmattan
2023-12-08,31.0,25.5,27.8,1.4,6.0,3.58,12.7,10.06571111111111,0,-2.18,12,49,Harmattan
2023-12-09,31.0,24.1,27.6,0.1,1.0,3.99,14.3,10.997130555555556,0,-3.89,12,49,Harmattan
2023-12-10,31.4,24.2,28.0,1.4,6.0,3.9,13.3,10.95563888888889,0,-2.5,12,49,Harmattan
2023-12-11,31.6,24.5,27.8,0.7,5.0,4.02,15.6,10.980227777777777,0,-3.3199999999999994,12,50,Harmattan
2023-12-12,31.0,24.5,27.1,2.3,8.0,3.71,15.3,10.595127777777778,0,-1.4100000000000001,12,50,Harmattan
2023-12-13,32.5,22.5,26.8,0.0,0.0,4.41,12.7,8.939288888888889,0,-4.41,12,50,Harmattan
2023-12-14,32.3,22.1,27.3,0.0,0.0,4.7,13.8,11.00371111111111,0,-4.7,12,50,Harmattan
2023-12-15,33.2,21.6,26.9,0.0,0.0,4.56,14.8,11.004547222222223,0,-4.56,12,50,Harmattan
2023-12-16,32.2,21.9,26.9,0.0,0.0,4.34,15.0,11.005533333333332,0,-4.34,12,50,Harmattan
2023-12-17,32.3,22.9,27.4,0.0,0.0,4.34,15.3,10.935888888888888,0,-4.34,12,50,Harmattan
2023-12-18,33.2,23.0,27.7,0.0,0.0,4.45,16.5,10.37673611111111,0,-4.45,12,51,Harmattan
2023-12-19,32.6,23.5,28.0,0.2,2.0,4.38,16.3,10.796038888888889,0,-4.18,12,51,Harmattan
2023-12-20,35.0,24.5,28.5,0.0,0.0,4.65,14.7,10.655375,0,-4.65,12,51,Harmattan
2023-12-21,34.2,22.3,27.6,0.0,0.0,4.4,12.8,9.572,0,-4.4,12,51,Harmattan
2023-12-22,33.2,23.1,27.8,0.0,0.0,4.38,13.2,10.655522222222222,0,-4.38,12,51,Harmattan
2023-12-23,33.0,23.5,28.1,0.0,0.0,4.44,15.6,10.596508333333333,0,-4.44,12,51,Harmattan
2023-12-24,35.0,23.9,28.4,0.0,0.0,4.4,16.0,10.584380555555555,0,-4.4,12,51,Harmattan
2023-12-25,33.5,24.3,28.3,0.0,0.0,4.34,16.1,10.372558333333332,0,-4.34,12,52,Harmattan
2023-12-26,32.7,25.0,28.4,0.7,5.0,4.0,14.8,10.371952777777777,0,-3.3,12,52,Harmattan
2023-12-27,31.8,24.5,28.0,0.7,5.0,3.94,13.2,10.112622222222223,0,-3.24,12,52,Harmattan
2023-12-28,32.1,24.0,27.9,0.0,0.0,4.15,15.1,10.370327777777778,0,-4.15,12,52,Harmattan
2023-12-29,32.0,24.4,27.9,0.3,3.0,3.99,12.8,10.158491666666666,0,-3.6900000000000004,12,52,Harmattan
2023-12-30,32.5,25.0,28.2,0.3,2.0,3.92,14.3,10.368172222222222,0,-3.62,12,52,Harmattan
2023-12-31,32.3,24.9,28.3,0.0,0.0,4.12,14.4,10.3669,0,-4.12,12,52,Harmattan
2024-01-01,32.2,25.0,28.3,0.4,2.0,3.88,16.9,10.295330555555557,0,-3.48,1,1,Harmattan
2024-01-02,32.3,25.1,28.5,0.0,0.0,3.92,15.1,10.223744444444446,0,-3.92,1,1,Harmattan
2024-01-03,31.8,26.5,28.5,0.6,5.0,3.85,18.9,9.655600000000002,0,-3.25,1,1,Harmattan
2024-01-04,32.1,25.1,27.9,0.1,1.0,3.71,14.4,10.080608333333334,0,-3.61,1,1,Harmattan
2024-01-05,32.2,25.5,27.8,1.1,2.0,3.67,16.8,10.218847222222221,0,-2.57,1,1,Harmattan
2024-01-06,30.6,25.0,27.7,2.1,4.0,3.69,12.7,10.087330555555555,0,-1.5899999999999999,1,1,Harmattan
2024-01-07,31.9,25.5,28.2,0.3,2.0,3.72,13.5,10.215119444444445,0,-3.4200000000000004,1,1,Harmattan
2024-01-08,32.1,25.2,28.3,4.0,4.0,3.72,15.1,10.073611111111111,0,0.2799999999999998,1,2,Harmattan
2024-01-09,30.1,25.0,26.7,9.3,6.0,2.84,15.1,7.018761111111111,0,6.460000000000001,1,2,Harmattan
2024-01-10,31.7,24.7,27.6,0.0,0.0,3.75,14.1,9.500430555555557,0,-3.75,1,2,Harmattan
2024-01-11,31.5,24.6,28.2,0.0,0.0,3.26,13.2,8.549275,0,-3.26,1,2,Harmattan
2024-01-12,32.7,25.2,28.5,1.7,6.0,3.75,18.2,9.462708333333333,0,-2.05,1,2,Harmattan
2024-01-13,31.5,25.5,28.1,0.7,5.0,3.77,16.5,10.243936111111111,0,-3.0700000000000003,1,2,Harmattan
2024-01-14,32.0,24.5,28.0,1.8,2.0,3.95,16.4,10.239533333333334,0,-2.1500000000000004,1,2,Harmattan
2024-01-15,31.2,25.3,27.9,1.4,4.0,3.59,16.9,9.822591666666668,0,-2.19,1,3,Harmattan
2024-01-16,32.8,24.6,27.9,0.0,0.0,4.28,16.6,10.299905555555556,0,-4.28,1,3,Harmattan
2024-01-17,32.5,24.0,27.5,0.0,0.0,4.2,15.3,9.480055555555555,0,-4.2,1,3,Harmattan
2024-01-18,32.5,23.3,27.3,0.0,0.0,4.12,14.4,8.39926111111111,0,-4.12,1,3,Harmattan
2024-01-19,32.2,24.2,27.6,0.0,0.0,4.1,15.5,9.360413888888889,0,-4.1,1,3,Harmattan
2024-01-20,32.5,24.3,27.8,0.5,1.0,4.06,13.7,10.350947222222223,0,-3.5599999999999996,1,3,Harmattan
2024-01-21,32.9,24.8,28.3,0.0,0.0,4.2,17.6,9.674141666666667,0,-4.2,1,3,Harmattan
2024-01-22,32.0,25.6,28.4,0.3,3.0,4.22,16.7,9.73878888888889,0,-3.92,1,4,Harmattan
2024-01-23,32.0,25.9,28.5,0.6,6.0,4.21,14.9,10.269200000000001,0,-3.61,1,4,Harmattan
2024-01-24,32.0,25.7,28.5,1.5,2.0,3.92,14.6,10.333444444444444,0,-2.42,1,4,Harmattan
2024-01-25,33.5,25.1,28.3,0.6,1.0,4.09,13.4,10.397558333333333,0,-3.4899999999999998,1,4,Harmattan
2024-01-26,35.2,24.3,28.3,0.0,0.0,5.11,15.6,9.705369444444445,1,-5.11,1,4,Harmattan
2024-01-27,34.5,21.7,27.2,0.0,0.0,5.45,16.4,10.634719444444444,0,-5.45,1,4,Harmattan
2024-01-28,34.1,21.0,26.9,0.0,0.0,5.31,15.0,10.698461111111111,0,-5.31,1,4,Harmattan
2024-01-29,33.2,22.1,27.1,0.0,0.0,4.9,15.5,10.645972222222222,0,-4.9,1,5,Harmattan
2024-01-30,33.2,23.0,27.5,0.0,0.0,4.59,14.7,10.396533333333332,0,-4.59,1,5,Harmattan
2024-01-31,32.5,25.0,28.3,0.0,0.0,4.52,16.6,10.488769444444443,0,-4.52,1,5,Harmattan
2024-02-01,32.6,26.1,28.8,0.2,1.0,4.38,16.6,10.478580555555556,0,-4.18,2,5,Harmattan
2024-02-02,32.0,26.1,28.2,1.3,4.0,3.71,14.6,8.544752777777777,0,-2.41,2,5,Harmattan
2024-02-03,33.6,24.4,27.7,0.0,0.0,4.78,14.5,9.941780555555557,0,-4.78,2,5,Harmattan
2024-02-04,33.3,22.8,27.3,0.0,0.0,4.98,15.6,10.045416666666666,0,-4.98,2,5,Harmattan
2024-02-05,32.8,23.0,27.5,0.0,0.0,4.97,15.6,10.69491111111111,0,-4.97,2,6,Harmattan
2024-02-06,34.4,21.1,27.0,0.0,0.0,5.71,17.6,10.783422222222223,0,-5.71,2,6,Harmattan
2024-02-07,35.0,21.2,27.2,0.0,0.0,5.55,16.1,10.83443888888889,0,-5.55,2,6,Harmattan
2024-02-08,33.0,21.4,26.9,0.0,0.0,5.03,14.9,10.823525,0,-5.03,2,6,Harmattan
2024-02-09,32.7,23.8,27.5,0.0,0.0,4.52,15.9,9.720544444444444,0,-4.52,2,6,Harmattan
2024-02-10,32.4,25.5,28.2,0.1,1.0,4.43,17.7,9.897444444444446,0,-4.33,2,6,Harmattan
2024-02-11,31.9,26.0,28.4,0.0,0.0,4.44,15.6,10.431816666666666,0,-4.44,2,6,Harmattan
2024-02-12,32.6,26.4,28.9,0.0,0.0,4.29,17.7,10.458411111111111,0,-4.29,2,7,Harmattan
2024-02-13,32.5,27.1,28.9,0.7,5.0,3.95,17.9,9.966675,0,-3.25,2,7,Harmattan
2024-02-14,32.3,27.5,29.2,0.2,2.0,4.41,19.6,10.583922222222222,0,-4.21,2,7,Harmattan
2024-02-15,32.2,26.2,28.4,2.9,3.0,4.0,19.5,10.217908333333334,0,-1.1,2,7,Harmattan
2024-02-16,31.5,25.8,28.4,0.0,0.0,4.13,17.5,10.6742,0,-4.13,2,7,Harmattan
2024-02-17,32.0,26.6,28.8,1.2,2.0,4.18,14.7,10.348902777777779,0,-2.9799999999999995,2,7,Harmattan
2024-02-18,32.1,26.5,28.8,0.2,2.0,4.32,14.5,10.489975000000001,0,-4.12,2,7,Harmattan
2024-02-19,32.1,26.2,28.8,0.1,1.0,3.86,13.7,9.363761111111112,0,-3.76,2,8,Harmattan
2024-02-20,31.9,25.6,28.1,0.8,2.0,3.68,18.2,8.072911111111111,0,-2.88,2,8,Harmattan
2024-02-21,32.3,26.6,28.7,0.2,2.0,4.12,14.9,8.46675,0,-3.92,2,8,Harmattan
2024-02-22,33.2,25.1,28.3,2.5,9.0,4.51,21.7,9.447188888888888,0,-2.01,2,8,Harmattan
2024-02-23,32.0,26.8,28.5,4.0,5.0,3.73,16.7,7.268430555555555,0,0.27,2,8,Harmattan
2024-02-24,31.9,26.6,28.5,0.0,0.0,4.21,14.8,10.473333333333333,0,-4.21,2,8,Harmattan
2024-02-25,32.0,25.5,28.1,0.1,1.0,4.21,13.2,8.586202777777778,0,-4.11,2,8,Harmattan
2024-02-26,32.2,26.3,28.7,0.3,2.0,4.26,15.4,9.377872222222221,0,-3.96,2,9,Harmattan
2024-02-27,32.3,26.2,28.9,0.0,0.0,4.8,16.6,10.637191666666666,0,-4.8,2,9,Harmattan
2024-02-28,33.1,26.3,29.2,0.1,1.0,4.65,18.7,10.576330555555556,0,-4.550000000000001,2,9,Harmattan
2024-02-29,33.7,27.0,29.5,0.2,1.0,5.19,21.5,10.458719444444444,0,-4.99,2,9,Harmattan
2024-03-01,32.4,27.1,28.7,0.6,2.0,4.18,23.0,8.106305555555556,0,-3.5799999999999996,3,9,Grande Saison Sèche
2024-03-02,32.7,26.9,29.0,1.7,2.0,4.41,20.7,9.773841666666668,0,-2.71,3,9,Grande Saison Sèche
2024-03-03,31.2,24.2,27.3,14.4,7.0,2.42,12.9,1.0542166666666666,0,11.98,3,9,Grande Saison Sèche
2024-03-04,32.5,24.6,28.1,0.0,0.0,4.81,18.7,10.471541666666667,0,-4.81,3,10,Grande Saison Sèche
2024-03-05,32.0,25.6,28.4,0.0,0.0,4.84,21.1,10.451252777777778,0,-4.84,3,10,Grande Saison Sèche
2024-03-06,32.1,27.0,28.9,0.2,2.0,4.44,23.0,9.85726388888889,0,-4.24,3,10,Grande Saison Sèche
2024-03-07,31.8,26.7,28.5,1.2,5.0,4.1,20.3,9.429380555555555,0,-2.8999999999999995,3,10,Grande Saison Sèche
2024-03-08,32.1,26.3,28.4,0.0,0.0,4.4,18.3,9.986197222222222,0,-4.4,3,10,Grande Saison Sèche
2024-03-09,32.4,26.2,28.3,0.0,0.0,4.54,16.2,10.306011111111111,0,-4.54,3,10,Grande Saison Sèche
2024-03-10,33.0,26.0,28.6,0.0,0.0,4.81,14.2,10.432663888888888,0,-4.81,3,10,Grande Saison Sèche
2024-03-11,33.2,27.0,29.2,0.0,0.0,4.85,18.6,10.437469444444444,0,-4.85,3,11,Grande Saison Sèche
2024-03-12,32.9,27.4,29.2,0.0,0.0,4.36,19.9,9.734911111111112,0,-4.36,3,11,Grande Saison Sèche
2024-03-13,32.4,26.5,29.0,0.0,0.0,4.69,22.7,9.562941666666665,0,-4.69,3,11,Grande Saison Sèche
2024-03-14,33.5,25.5,28.6,2.2,4.0,4.65,23.5,10.1239,0,-2.45,3,11,Grande Saison Sèche
2024-03-15,33.2,25.5,28.5,0.0,0.0,4.67,14.9,9.385177777777777,0,-4.67,3,11,Grande Saison Sèche
2024-03-16,32.0,25.9,28.7,0.0,0.0,4.79,16.6,10.377116666666668,0,-4.79,3,11,Grande Saison Sèche
2024-03-17,32.8,27.2,29.5,0.7,1.0,4.82,15.0,10.493233333333333,0,-4.12,3,11,Grande Saison Sèche
2024-03-18,33.0,27.5,29.6,0.4,3.0,4.34,16.4,9.2914,0,-3.94,3,12,Grande Saison Sèche
2024-03-19,32.6,26.6,29.2,0.0,0.0,4.71,14.9,10.32821388888889,0,-4.71,3,12,Grande Saison Sèche
2024-03-20,32.8,27.0,29.4,1.1,6.0,4.48,16.2,10.06831388888889,0,-3.3800000000000003,3,12,Grande Saison Sèche
2024-03-21,33.8,27.0,29.7,1.0,1.0,4.81,18.0,10.152305555555557,0,-3.8099999999999996,3,12,Grande Saison Sèche
2024-03-22,32.2,26.5,29.1,0.1,1.0,4.07,19.8,8.564983333333332,0,-3.97,3,12,Grande Saison Sèche
2024-03-23,33.0,26.5,29.2,0.0,0.0,4.68,19.9,8.689622222222223,0,-4.68,3,12,Grande Saison Sèche
2024-03-24,33.5,26.0,29.1,0.0,0.0,5.12,17.7,10.491425,0,-5.12,3,12,Grande Saison Sèche
2024-03-25,33.0,26.7,29.4,0.0,0.0,5.26,19.2,10.9389,0,-5.26,3,13,Grande Saison Sèche
2024-03-26,33.5,27.6,29.7,0.1,1.0,4.98,17.2,9.034038888888889,0,-4.880000000000001,3,13,Grande Saison Sèche
2024-03-27,33.2,27.1,29.8,0.0,0.0,5.24,16.0,10.796277777777778,0,-5.24,3,13,Grande Saison Sèche
2024-03-28,34.0,26.1,29.4,4.0,4.0,4.45,26.6,9.427441666666667,0,-0.4500000000000002,3,13,Grande Saison Sèche
2024-03-29,33.5,25.8,28.5,8.8,7.0,4.52,20.7,10.287816666666666,0,4.280000000000001,3,13,Grande Saison Sèche
2024-03-30,33.1,26.0,29.3,0.1,1.0,4.88,19.9,10.957263888888889,0,-4.78,3,13,Grande Saison Sèche
2024-03-31,32.5,26.8,29.3,0.0,0.0,5.23,17.7,11.2492,0,-5.23,3,13,Grande Saison Sèche
2024-04-01,32.0,27.6,29.5,1.1,5.0,4.39,17.3,9.071191666666667,0,-3.2899999999999996,4,14,Grande Saison Sèche
2024-04-02,33.0,26.9,29.4,0.5,2.0,4.98,22.0,9.984830555555556,0,-4.48,4,14,Grande Saison Sèche
2024-04-03,32.0,26.2,28.5,0.7,6.0,3.26,19.7,3.5771638888888893,0,-2.5599999999999996,4,14,Grande Saison Sèche
2024-04-04,32.7,26.9,29.2,0.0,0.0,4.76,19.2,11.137002777777777,0,-4.76,4,14,Grande Saison Sèche
2024-04-05,32.2,27.2,29.0,4.3,8.0,4.75,20.2,10.65888611111111,0,-0.4500000000000002,4,14,Grande Saison Sèche
2024-04-06,31.8,26.8,28.4,13.5,5.0,3.52,19.5,5.84345,0,9.98,4,14,Grande Saison Sèche
2024-04-07,33.3,25.2,29.0,0.5,1.0,4.99,16.7,11.581541666666668,0,-4.49,4,14,Grande Saison Sèche
2024-04-08,32.8,27.0,28.7,0.9,4.0,3.46,17.7,4.3078611111111105,0,-2.56,4,15,Grande Saison Sèche
2024-04-09,32.5,26.4,29.0,0.0,0.0,5.1,15.4,10.862341666666667,0,-5.1,4,15,Grande Saison Sèche
2024-04-10,33.3,26.2,29.1,6.0,3.0,5.05,16.2,11.513647222222222,0,0.9500000000000002,4,15,Grande Saison Sèche
2024-04-11,31.0,24.7,27.7,1.0,4.0,3.32,13.6,5.894547222222222,0,-2.32,4,15,Grande Saison Sèche
2024-04-12,32.5,27.4,29.3,0.1,1.0,4.68,15.5,10.748022222222222,0,-4.58,4,15,Grande Saison Sèche
2024-04-13,32.2,26.7,28.9,0.0,0.0,3.67,18.6,7.380013888888889,0,-3.67,4,15,Grande Saison Sèche
2024-04-14,33.0,25.9,28.3,6.8,5.0,3.92,15.0,9.074925,0,2.88,4,15,Grande Saison Sèche
2024-04-15,32.5,27.1,29.4,0.8,1.0,4.35,12.8,10.417488888888888,0,-3.55,4,16,Grande Saison Sèche
2024-04-16,32.6,26.3,28.7,6.6,7.0,3.77,14.9,7.690183333333334,0,2.8299999999999996,4,16,Grande Saison Sèche
2024-04-17,32.4,25.0,28.7,0.3,2.0,4.25,16.2,10.990308333333333,0,-3.95,4,16,Grande Saison Sèche
2024-04-18,32.6,27.5,29.7,0.8,4.0,5.1,18.9,11.423327777777779,0,-4.3,4,16,Grande Saison Sèche
2024-04-19,32.8,28.2,30.0,0.7,6.0,4.97,17.3,11.207058333333334,0,-4.27,4,16,Grande Saison Sèche
2024-04-20,33.0,27.6,30.0,0.0,0.0,5.22,17.8,11.689655555555555,0,-5.22,4,16,Grande Saison Sèche
2024-04-21,33.2,27.9,29.7,4.5,7.0,4.81,20.5,11.757147222222223,0,-0.3099999999999996,4,16,Grande Saison Sèche
2024-04-22,33.2,25.5,28.9,1.1,1.0,4.42,14.2,9.959644444444445,0,-3.32,4,17,Grande Saison Sèche
2024-04-23,31.9,25.4,27.6,5.1,7.0,2.21,10.4,4.121808333333333,0,2.8899999999999997,4,17,Grande Saison Sèche
2024-04-24,31.9,24.4,28.2,0.6,3.0,4.72,16.0,11.432394444444444,0,-4.12,4,17,Grande Saison Sèche
2024-04-25,32.0,26.2,29.1,0.0,0.0,4.95,19.4,11.983208333333334,0,-4.95,4,17,Grande Saison Sèche
2024-04-26,31.9,27.4,29.3,0.5,1.0,4.89,20.2,11.368813888888889,0,-4.39,4,17,Grande Saison Sèche
2024-04-27,33.3,26.9,29.7,0.0,0.0,5.14,16.4,11.98303888888889,0,-5.14,4,17,Grande Saison Sèche
2024-04-28,32.3,27.6,29.8,0.3,3.0,5.15,20.3,11.222252777777777,0,-4.8500000000000005,4,17,Grande Saison Sèche
2024-04-29,33.2,27.1,29.4,0.6,3.0,4.94,17.6,10.7367,0,-4.340000000000001,4,18,Grande Saison Sèche
2024-04-30,33.6,26.9,29.8,0.6,2.0,4.87,18.3,10.371527777777779,0,-4.2700000000000005,4,18,Grande Saison Sèche
2024-05-01,32.0,26.3,28.6,12.8,11.0,3.96,21.9,9.378541666666667,0,8.84,5,18,Grande Saison Pluies
2024-05-02,31.6,26.8,29.0,1.8,5.0,4.47,15.6,11.005402777777777,0,-2.67,5,18,Grande Saison Pluies
2024-05-03,32.2,26.3,28.7,3.1,3.0,4.75,20.8,11.443100000000001,0,-1.65,5,18,Grande Saison Pluies
2024-05-04,32.4,25.6,28.9,0.2,2.0,4.96,14.8,11.822127777777778,0,-4.76,5,18,Grande Saison Pluies
2024-05-05,32.5,27.6,29.7,0.2,1.0,5.06,15.5,11.986530555555555,0,-4.859999999999999,5,18,Grande Saison Pluies
2024-05-06,32.7,26.6,28.8,3.3,11.0,3.61,17.2,6.145038888888889,0,-0.31000000000000005,5,19,Grande Saison Pluies
2024-05-07,31.3,24.9,28.0,5.4,5.0,4.34,12.2,11.917225,0,1.0600000000000005,5,19,Grande Saison Pluies
2024-05-08,31.6,26.2,28.8,2.7,5.0,4.17,15.9,9.255127777777778,0,-1.4699999999999998,5,19,Grande Saison Pluies
2024-05-09,32.3,26.2,29.1,0.0,0.0,5.01,15.9,11.939894444444445,0,-5.01,5,19,Grande Saison Pluies
2024-05-10,31.3,27.6,29.2,2.8,6.0,4.43,16.9,10.700147222222222,0,-1.63,5,19,Grande Saison Pluies
2024-05-11,31.8,26.2,28.6,9.3,6.0,4.13,16.2,11.584522222222223,0,5.170000000000001,5,19,Grande Saison Pluies
2024-05-12,30.1,26.0,27.6,3.9,12.0,2.81,14.6,5.720555555555555,0,1.0899999999999999,5,19,Grande Saison Pluies
2024-05-13,29.5,25.2,27.1,16.0,9.0,2.72,15.1,3.7427972222222223,0,13.28,5,20,Grande Saison Pluies
2024-05-14,32.0,25.2,28.2,0.0,0.0,3.89,12.2,10.999733333333333,0,-3.89,5,20,Grande Saison Pluies
2024-05-15,31.9,26.2,28.5,3.2,8.0,4.54,16.0,12.0,0,-1.3399999999999999,5,20,Grande Saison Pluies
2024-05-16,31.2,24.5,26.9,61.2,16.0,3.12,14.3,7.054802777777778,0,58.080000000000005,5,20,Grande Saison Pluies
2024-05-17,30.7,24.3,27.4,1.5,5.0,4.06,14.4,11.543655555555556,0,-2.5599999999999996,5,20,Grande Saison Pluies
2024-05-18,30.9,25.9,28.0,1.9,7.0,3.43,16.5,7.926583333333333,0,-1.5300000000000002,5,20,Grande Saison Pluies
2024-05-19,32.3,26.1,28.9,0.0,0.0,5.12,15.3,12.0,0,-5.12,5,20,Grande Saison Pluies
2024-05-20,31.3,26.6,28.8,0.7,4.0,4.89,17.7,12.0,0,-4.1899999999999995,5,21,Grande Saison Pluies
2024-05-21,32.2,26.1,28.9,2.5,5.0,4.84,19.1,12.0,0,-2.34,5,21,Grande Saison Pluies
2024-05-22,31.4,25.1,27.5,7.4,12.0,2.94,20.0,5.372244444444445,0,4.460000000000001,5,21,Grande Saison Pluies
2024-05-23,30.4,24.5,27.2,0.9,4.0,3.81,17.6,9.681927777777778,0,-2.91,5,21,Grande Saison Pluies
2024-05-24,31.5,26.0,28.2,2.4,5.0,4.64,21.0,12.0,0,-2.2399999999999998,5,21,Grande Saison Pluies
2024-05-25,28.5,24.2,25.8,48.1,18.0,1.63,12.6,1.0,0,46.47,5,21,Grande Saison Pluies
2024-05-26,30.1,24.1,27.0,0.7,7.0,4.47,16.9,12.0,0,-3.7699999999999996,5,21,Grande Saison Pluies
2024-05-27,32.2,24.0,27.6,0.0,0.0,4.77,16.1,12.0,0,-4.77,5,22,Grande Saison Pluies
2024-05-28,31.6,26.1,28.4,1.9,4.0,4.67,16.4,12.0,0,-2.77,5,22,Grande Saison Pluies
2024-05-29,31.3,25.5,28.2,0.0,0.0,4.75,15.8,12.0,0,-4.75,5,22,Grande Saison Pluies
2024-05-30,32.5,25.5,28.3,5.2,2.0,4.9,18.4,12.0,0,0.2999999999999998,5,22,Grande Saison Pluies
2024-05-31,28.8,25.0,26.7,17.9,15.0,2.49,17.6,4.426794444444444,0,15.409999999999998,5,22,Grande Saison Pluies
2024-06-01,29.6,24.5,27.0,7.8,8.0,3.96,14.7,11.964944444444445,0,3.84,6,22,Grande Saison Pluies
2024-06-02,28.4,23.4,25.6,9.8,9.0,2.12,15.3,4.519575,0,7.680000000000001,6,22,Grande Saison Pluies
2024-06-03,30.0,23.5,26.8,0.3,2.0,3.9,15.1,10.820366666666667,0,-3.6,6,23,Grande Saison Pluies
2024-06-04,29.3,25.8,27.2,4.3,8.0,3.97,22.3,12.0,0,0.3299999999999996,6,23,Grande Saison Pluies
2024-06-05,30.3,24.5,27.2,0.8,6.0,4.42,15.6,11.902486111111111,0,-3.62,6,23,Grande Saison Pluies
2024-06-06,29.1,24.8,26.5,3.8,11.0,3.93,19.6,10.223955555555555,0,-0.13000000000000034,6,23,Grande Saison Pluies
2024-06-07,28.9,24.3,26.3,8.3,10.0,2.92,10.5,6.476088888888889,0,5.380000000000001,6,23,Grande Saison Pluies
2024-06-08,30.3,24.0,27.0,0.8,5.0,4.47,14.7,11.0,0,-3.67,6,23,Grande Saison Pluies
2024-06-09,28.7,25.0,26.4,17.5,12.0,2.85,16.6,9.13663611111111,0,14.65,6,23,Grande Saison Pluies
2024-06-10,29.5,24.1,26.9,2.8,9.0,4.1,16.6,10.017166666666668,0,-1.2999999999999998,6,24,Grande Saison Pluies
2024-06-11,29.0,24.9,26.4,3.9,14.0,3.46,18.7,9.696894444444444,0,0.43999999999999995,6,24,Grande Saison Pluies
2024-06-12,29.5,24.0,26.5,3.9,13.0,3.95,15.0,9.330483333333333,0,-0.050000000000000266,6,24,Grande Saison Pluies
2024-06-13,29.4,25.2,27.1,0.8,3.0,4.2,17.5,11.632058333333335,0,-3.4000000000000004,6,24,Grande Saison Pluies
2024-06-14,28.9,24.6,25.9,10.2,15.0,2.69,18.1,6.0,0,7.51,6,24,Grande Saison Pluies
2024-06-15,28.9,23.9,25.0,14.6,15.0,1.91,14.1,5.0,0,12.69,6,24,Grande Saison Pluies
2024-06-16,29.0,23.8,26.0,2.4,10.0,2.63,9.4,6.1275611111111115,0,-0.22999999999999998,6,24,Grande Saison Pluies
2024-06-17,29.2,24.8,26.7,6.5,7.0,3.86,13.7,9.816619444444445,0,2.64,6,25,Grande Saison Pluies
2024-06-18,29.0,24.4,26.6,3.9,7.0,3.65,12.2,10.849469444444443,0,0.25,6,25,Grande Saison Pluies
2024-06-19,30.5,24.7,27.1,1.3,7.0,4.2,20.0,9.796955555555556,0,-2.9000000000000004,6,25,Grande Saison Pluies
2024-06-20,28.4,24.4,25.9,13.4,16.0,2.86,18.6,6.624186111111111,0,10.540000000000001,6,25,Grande Saison Pluies
2024-06-21,29.6,24.2,26.1,3.3,14.0,3.51,16.6,9.068458333333334,0,-0.20999999999999996,6,25,Grande Saison Pluies
2024-06-22,28.8,24.1,26.1,1.5,7.0,2.78,13.6,6.680974999999999,0,-1.2799999999999998,6,25,Grande Saison Pluies
2024-06-23,29.0,24.2,26.3,0.5,4.0,3.74,16.0,12.0,0,-3.24,6,25,Grande Saison Pluies
2024-06-24,30.0,24.1,26.5,1.3,7.0,4.14,17.1,11.483872222222223,0,-2.84,6,26,Grande Saison Pluies
2024-06-25,28.0,24.2,25.7,8.9,9.0,2.37,12.9,3.205458333333333,0,6.53,6,26,Grande Saison Pluies
2024-06-26,28.3,24.1,25.6,15.0,15.0,2.37,13.5,4.0,0,12.629999999999999,6,26,Grande Saison Pluies
2024-06-27,28.2,24.4,26.1,10.5,2.0,3.59,13.5,10.291897222222223,0,6.91,6,26,Grande Saison Pluies
2024-06-28,28.3,24.5,26.3,2.2,10.0,3.74,15.5,11.731561111111112,0,-1.54,6,26,Grande Saison Pluies
2024-06-29,29.2,24.1,25.9,5.2,8.0,3.16,17.2,8.96508888888889,0,2.04,6,26,Grande Saison Pluies
2024-06-30,28.5,24.4,26.0,5.4,10.0,3.55,16.6,11.525133333333335,0,1.8500000000000005,6,26,Grande Saison Pluies
2024-07-01,29.1,23.8,26.3,0.8,4.0,4.32,17.6,11.713894444444444,0,-3.5200000000000005,7,27,Grande Saison Pluies
2024-07-02,29.9,24.5,26.5,10.3,7.0,3.53,16.3,7.891388888888889,0,6.770000000000001,7,27,Grande Saison Pluies
2024-07-03,27.2,24.3,25.2,12.3,20.0,2.25,17.6,2.2160055555555553,0,10.05,7,27,Grande Saison Pluies
2024-07-04,28.4,23.3,25.3,7.5,16.0,3.04,16.1,8.67615,0,4.46,7,27,Grande Saison Pluies
2024-07-05,29.5,24.4,26.1,5.6,10.0,3.55,14.2,9.447777777777778,0,2.05,7,27,Grande Saison Pluies
2024-07-06,29.1,24.5,26.1,6.0,9.0,2.8,13.5,3.4670472222222224,0,3.2,7,27,Grande Saison Pluies
2024-07-07,28.8,24.0,25.7,8.0,7.0,3.33,19.7,11.3254,0,4.67,7,27,Grande Saison Pluies
2024-07-08,27.0,24.3,25.5,6.4,12.0,2.33,17.1,1.2629055555555555,0,4.07,7,28,Grande Saison Pluies
2024-07-09,27.6,23.4,25.4,3.0,6.0,3.32,18.9,11.936716666666667,0,-0.31999999999999984,7,28,Grande Saison Pluies
2024-07-10,27.9,24.1,25.7,1.6,6.0,3.7,18.4,11.60258611111111,0,-2.1,7,28,Grande Saison Pluies
2024-07-11,28.1,24.0,25.6,5.0,12.0,3.36,17.6,9.859961111111112,0,1.6400000000000001,7,28,Grande Saison Pluies
2024-07-12,27.9,24.2,25.6,1.7,6.0,3.39,17.4,8.822236111111112,0,-1.6900000000000002,7,28,Grande Saison Pluies
2024-07-13,28.0,23.9,25.6,1.2,6.0,3.54,18.5,11.536397222222222,0,-2.34,7,28,Grande Saison Pluies
2024-07-14,27.8,24.0,25.6,1.1,7.0,3.53,15.5,11.157497222222222,0,-2.4299999999999997,7,28,Grande Saison Pluies
2024-07-15,28.2,24.0,25.6,0.9,7.0,3.86,20.8,11.716436111111111,0,-2.96,7,29,Grande Saison Pluies
2024-07-16,27.6,23.6,25.5,3.0,7.0,3.37,17.4,10.911455555555555,0,-0.3700000000000001,7,29,Grande Saison Pluies
2024-07-17,27.5,24.0,25.4,0.1,1.0,2.68,18.2,5.570108333333333,0,-2.58,7,29,Grande Saison Pluies
2024-07-18,28.9,23.4,25.6,5.6,11.0,4.07,22.6,11.640311111111112,0,1.5299999999999994,7,29,Grande Saison Pluies
2024-07-19,27.0,23.5,25.1,1.8,9.0,2.49,16.9,4.165797222222222,0,-0.6900000000000002,7,29,Grande Saison Pluies
2024-07-20,27.8,24.0,25.1,2.5,10.0,2.95,25.0,5.596397222222222,0,-0.4500000000000002,7,29,Grande Saison Pluies
2024-07-21,26.2,23.5,24.8,2.6,12.0,2.96,20.4,9.189516666666668,0,-0.3599999999999999,7,29,Grande Saison Pluies
2024-07-22,27.0,24.0,25.0,0.4,2.0,3.21,17.7,9.336055555555557,0,-2.81,7,30,Grande Saison Pluies
2024-07-23,27.7,23.8,25.0,0.0,0.0,3.35,17.7,10.016947222222223,0,-3.35,7,30,Grande Saison Pluies
2024-07-24,27.1,23.1,24.9,0.8,6.0,3.92,16.9,12.0,0,-3.12,7,30,Grande Saison Pluies
2024-07-25,27.5,23.2,24.9,0.9,4.0,3.37,20.1,9.794605555555556,0,-2.47,7,30,Grande Saison Pluies
2024-07-26,27.3,23.6,25.1,1.0,7.0,3.73,20.0,12.0,0,-2.73,7,30,Grande Saison Pluies
2024-07-27,26.8,23.1,24.9,0.4,3.0,3.12,18.0,11.064425,0,-2.72,7,30,Grande Saison Pluies
2024-07-28,27.6,23.5,25.2,1.3,4.0,3.94,23.8,8.541469444444445,0,-2.6399999999999997,7,30,Grande Saison Pluies
2024-07-29,27.8,23.9,25.1,1.1,7.0,3.35,20.6,7.557505555555555,0,-2.25,7,31,Grande Saison Pluies
2024-07-30,27.9,23.6,25.1,0.8,4.0,3.42,21.2,10.30947777777778,0,-2.62,7,31,Grande Saison Pluies
2024-07-31,26.5,23.6,24.8,0.0,0.0,2.57,20.3,4.017813888888889,0,-2.57,7,31,Grande Saison Pluies
2024-08-01,27.0,23.4,24.9,0.5,4.0,3.2,22.7,10.553108333333334,0,-2.7,8,31,Petite Saison Sèche
2024-08-02,27.5,23.4,25.0,0.5,4.0,4.06,18.8,11.945594444444444,0,-3.5599999999999996,8,31,Petite Saison Sèche
2024-08-03,27.7,23.0,25.1,0.1,1.0,4.13,16.2,11.900019444444444,0,-4.03,8,31,Petite Saison Sèche
2024-08-04,27.8,22.6,25.0,0.2,2.0,3.68,17.0,12.0,0,-3.48,8,31,Petite Saison Sèche
2024-08-05,27.2,22.7,24.8,1.0,6.0,3.27,18.4,9.850769444444444,0,-2.27,8,32,Petite Saison Sèche
2024-08-06,27.5,23.4,24.9,0.6,6.0,3.21,20.9,7.667158333333333,0,-2.61,8,32,Petite Saison Sèche
2024-08-07,28.1,23.6,25.2,0.3,2.0,3.36,20.4,8.711219444444444,0,-3.06,8,32,Petite Saison Sèche
2024-08-08,27.5,23.6,25.0,1.1,10.0,3.25,20.3,10.772227777777777,0,-2.15,8,32,Petite Saison Sèche
2024-08-09,28.3,23.1,25.3,0.1,1.0,4.21,16.4,11.88001388888889,0,-4.11,8,32,Petite Saison Sèche
2024-08-10,28.4,23.1,25.1,0.1,1.0,3.77,21.8,11.82236111111111,0,-3.67,8,32,Petite Saison Sèche
2024-08-11,28.2,23.5,25.2,0.6,4.0,3.82,20.0,11.638449999999999,0,-3.2199999999999998,8,32,Petite Saison Sèche
2024-08-12,28.3,23.8,25.5,1.5,6.0,4.16,22.3,10.750497222222222,0,-2.66,8,33,Petite Saison Sèche
2024-08-13,28.3,23.9,25.4,1.4,9.0,3.93,22.9,9.746986111111111,0,-2.5300000000000002,8,33,Petite Saison Sèche
2024-08-14,28.4,23.5,25.5,1.7,10.0,4.46,20.5,11.864891666666667,0,-2.76,8,33,Petite Saison Sèche
2024-08-15,29.4,22.9,25.4,0.1,1.0,4.1,18.4,12.0,0,-3.9999999999999996,8,33,Petite Saison Sèche
2024-08-16,28.5,23.4,25.4,0.0,0.0,4.24,23.4,10.06686388888889,0,-4.24,8,33,Petite Saison Sèche
2024-08-17,28.6,23.9,25.5,0.6,4.0,3.88,21.8,9.773963888888888,0,-3.28,8,33,Petite Saison Sèche
2024-08-18,29.0,22.9,25.4,0.1,1.0,4.34,16.7,11.79518611111111,0,-4.24,8,33,Petite Saison Sèche
2024-08-19,28.6,23.0,25.1,0.2,2.0,2.97,17.8,5.2934833333333335,0,-2.77,8,34,Petite Saison Sèche
2024-08-20,28.8,23.5,25.2,1.5,6.0,3.11,21.5,4.076188888888889,0,-1.6099999999999999,8,34,Petite Saison Sèche
2024-08-21,29.0,23.5,25.7,0.0,0.0,4.61,19.1,11.782136111111111,0,-4.61,8,34,Petite Saison Sèche
2024-08-22,29.5,23.5,25.6,1.6,5.0,4.01,17.5,11.253366666666667,0,-2.4099999999999997,8,34,Petite Saison Sèche
2024-08-23,26.8,23.5,24.6,7.4,17.0,2.19,25.4,1.1945444444444444,0,5.210000000000001,8,34,Petite Saison Sèche
2024-08-24,27.5,23.2,24.9,1.2,8.0,3.32,19.2,8.217330555555556,0,-2.12,8,34,Petite Saison Sèche
2024-08-25,29.0,23.2,25.1,0.5,4.0,2.89,13.0,4.921480555555556,0,-2.39,8,34,Petite Saison Sèche
2024-08-26,27.6,23.2,25.0,2.2,7.0,3.17,21.3,7.268686111111111,0,-0.9699999999999998,8,35,Petite Saison Sèche
2024-08-27,28.5,23.1,25.2,2.1,5.0,3.85,23.1,8.76163611111111,0,-1.75,8,35,Petite Saison Sèche
2024-08-28,28.2,23.5,25.2,1.0,5.0,4.1,20.9,9.632663888888889,0,-3.0999999999999996,8,35,Petite Saison Sèche
2024-08-29,28.4,23.4,25.2,0.8,5.0,3.81,20.2,9.655458333333334,0,-3.01,8,35,Petite Saison Sèche
2024-08-30,28.9,23.5,25.2,0.7,5.0,3.47,21.4,6.965708333333333,0,-2.7700000000000005,8,35,Petite Saison Sèche
2024-08-31,29.1,23.5,25.3,0.0,0.0,4.34,22.7,10.008894444444444,0,-4.34,8,35,Petite Saison Sèche
2024-09-01,28.9,23.3,25.3,0.0,0.0,4.31,20.3,11.929002777777779,0,-4.31,9,35,Petite Saison Pluies
2024-09-02,28.5,22.8,25.1,0.3,3.0,4.29,15.2,11.964094444444443,0,-3.99,9,36,Petite Saison Pluies
2024-09-03,28.8,22.8,25.2,0.0,0.0,4.45,19.7,11.43859722222222,0,-4.45,9,36,Petite Saison Pluies
2024-09-04,29.5,22.8,25.6,0.0,0.0,5.15,21.6,11.947661111111112,0,-5.15,9,36,Petite Saison Pluies
2024-09-05,29.9,22.9,25.6,0.0,0.0,4.91,20.6,11.939419444444445,0,-4.91,9,36,Petite Saison Pluies
2024-09-06,30.7,22.9,25.7,0.0,0.0,4.82,20.0,11.93118611111111,0,-4.82,9,36,Petite Saison Pluies
2024-09-07,29.8,23.5,25.4,0.7,5.0,3.6,21.4,10.731291666666667,0,-2.9000000000000004,9,36,Petite Saison Pluies
2024-09-08,29.1,22.8,25.3,0.4,3.0,4.62,18.0,11.435,0,-4.22,9,36,Petite Saison Pluies
2024-09-09,30.0,22.2,25.6,0.0,0.0,5.02,17.0,11.90658611111111,0,-5.02,9,37,Petite Saison Pluies
2024-09-10,31.5,23.7,26.3,1.1,4.0,4.42,18.8,11.281405555555555,0,-3.32,9,37,Petite Saison Pluies
2024-09-11,29.5,24.1,26.0,0.9,4.0,4.1,21.7,11.889747222222221,0,-3.1999999999999997,9,37,Petite Saison Pluies
2024-09-12,28.8,24.0,25.7,0.4,4.0,4.0,19.0,11.007686111111111,0,-3.6,9,37,Petite Saison Pluies
2024-09-13,30.1,23.2,25.7,3.4,8.0,4.06,18.2,10.768766666666666,0,-0.6599999999999997,9,37,Petite Saison Pluies
2024-09-14,27.9,23.4,25.0,14.8,15.0,2.34,17.0,4.635769444444445,0,12.46,9,37,Petite Saison Pluies
2024-09-15,29.5,23.9,25.9,1.5,3.0,4.41,18.0,11.854769444444443,0,-2.91,9,37,Petite Saison Pluies
2024-09-16,29.5,23.4,25.9,0.2,2.0,4.34,15.0,11.845858333333332,0,-4.14,9,38,Petite Saison Pluies
2024-09-17,30.0,23.6,25.5,6.6,11.0,3.5,17.4,9.0,0,3.0999999999999996,9,38,Petite Saison Pluies
2024-09-18,27.2,23.3,24.9,24.4,14.0,2.18,18.5,2.2468444444444446,0,22.22,9,38,Petite Saison Pluies
2024-09-19,29.4,23.8,25.8,0.3,3.0,4.4,19.0,11.294633333333334,0,-4.1000000000000005,9,38,Petite Saison Pluies
2024-09-20,28.9,23.5,25.8,0.8,6.0,4.15,15.6,10.563883333333335,0,-3.3500000000000005,9,38,Petite Saison Pluies
2024-09-21,28.9,23.4,25.7,1.1,6.0,3.62,16.1,10.382858333333333,0,-2.52,9,38,Petite Saison Pluies
2024-09-22,30.1,23.9,26.1,1.4,5.0,3.96,18.3,11.792430555555555,0,-2.56,9,38,Petite Saison Pluies
2024-09-23,28.9,24.4,26.0,1.0,7.0,4.19,16.9,11.783702777777778,0,-3.1900000000000004,9,39,Petite Saison Pluies
2024-09-24,29.6,23.4,26.2,0.8,8.0,4.54,17.8,11.447916666666666,0,-3.74,9,39,Petite Saison Pluies
2024-09-25,27.5,23.9,25.0,6.2,13.0,2.31,15.9,4.872369444444444,0,3.89,9,39,Petite Saison Pluies
2024-09-26,28.5,23.5,25.4,8.2,12.0,3.47,14.7,8.799219444444445,0,4.729999999999999,9,39,Petite Saison Pluies
2024-09-27,29.6,23.3,25.8,7.6,8.0,3.89,17.9,11.460838888888889,0,3.7099999999999995,9,39,Petite Saison Pluies
2024-09-28,29.1,23.7,25.9,0.7,4.0,4.14,18.1,11.0,0,-3.4399999999999995,9,39,Petite Saison Pluies
2024-09-29,30.0,23.4,26.1,3.6,6.0,4.24,15.1,11.533594444444445,0,-0.6400000000000001,9,39,Petite Saison Pluies
2024-09-30,29.0,24.2,26.1,5.3,7.0,3.6,16.7,10.841161111111111,0,1.6999999999999997,9,40,Petite Saison Pluies
2024-10-01,28.5,23.0,25.7,4.4,8.0,3.86,17.0,10.883575,0,0.5400000000000005,10,40,Petite Saison Pluies
2024-10-02,30.0,23.9,26.3,2.0,6.0,4.18,16.8,11.28895,0,-2.1799999999999997,10,40,Petite Saison Pluies
2024-10-03,30.0,24.4,26.2,4.0,10.0,3.43,17.3,8.676147222222223,0,0.5699999999999998,10,40,Petite Saison Pluies
2024-10-04,30.1,24.0,25.8,13.9,10.0,3.15,18.8,8.6721,0,10.75,10,40,Petite Saison Pluies
2024-10-05,27.5,23.1,25.0,18.3,19.0,2.72,17.9,7.960511111111111,0,15.58,10,40,Petite Saison Pluies
2024-10-06,28.2,23.1,25.4,5.4,12.0,3.36,14.2,10.849672222222223,0,2.0400000000000005,10,40,Petite Saison Pluies
2024-10-07,28.8,23.1,25.5,5.6,14.0,3.37,15.5,10.019627777777778,0,2.2299999999999995,10,41,Petite Saison Pluies
2024-10-08,29.2,23.2,25.7,4.2,7.0,4.12,12.7,10.056086111111112,0,0.08000000000000007,10,41,Petite Saison Pluies
2024-10-09,29.4,23.0,25.7,1.3,4.0,4.46,15.7,11.254133333333332,0,-3.16,10,41,Petite Saison Pluies
2024-10-10,29.4,23.0,26.0,0.0,0.0,4.43,15.7,11.387702777777779,0,-4.43,10,41,Petite Saison Pluies
2024-10-11,30.0,23.4,26.4,2.0,3.0,3.85,13.5,10.978772222222222,0,-1.85,10,41,Petite Saison Pluies
2024-10-12,30.5,24.0,26.6,7.7,6.0,3.72,14.3,8.716630555555556,0,3.98,10,41,Petite Saison Pluies
2024-10-13,27.1,23.1,24.9,10.9,15.0,1.98,12.5,0.09689722222222222,0,8.92,10,41,Petite Saison Pluies
2024-10-14,28.2,22.5,25.4,2.0,5.0,3.79,15.4,10.793050000000001,0,-1.79,10,42,Petite Saison Pluies
2024-10-15,29.2,23.4,26.1,1.6,7.0,4.3,11.3,11.342866666666666,0,-2.6999999999999997,10,42,Petite Saison Pluies
2024-10-16,29.2,23.7,26.3,7.2,7.0,3.95,13.7,11.216413888888887,0,3.25,10,42,Petite Saison Pluies
2024-10-17,26.9,23.5,24.8,19.9,20.0,1.66,11.4,0.5531916666666666,0,18.24,10,42,Petite Saison Pluies
2024-10-18,29.3,22.4,25.6,0.9,5.0,3.97,13.2,10.952227777777777,0,-3.0700000000000003,10,42,Petite Saison Pluies
2024-10-19,30.0,23.9,26.0,7.1,5.0,3.4,15.7,9.420183333333334,0,3.6999999999999997,10,42,Petite Saison Pluies
2024-10-20,29.8,23.8,26.2,0.9,4.0,3.8,15.9,11.164308333333334,0,-2.9,10,42,Petite Saison Pluies
2024-10-21,29.5,23.9,26.3,5.9,7.0,3.76,14.4,10.986233333333335,0,2.1400000000000006,10,43,Petite Saison Pluies
2024-10-22,29.3,24.1,26.2,4.6,7.0,3.75,11.7,10.391497222222222,0,0.8499999999999996,10,43,Petite Saison Pluies
2024-10-23,29.2,24.2,26.6,0.6,4.0,4.3,13.8,11.107761111111111,0,-3.6999999999999997,10,43,Petite Saison Pluies
2024-10-24,30.4,24.1,26.7,1.7,3.0,4.05,17.2,11.110572222222222,0,-2.3499999999999996,10,43,Petite Saison Pluies
2024-10-25,31.0,24.5,26.9,1.1,3.0,4.0,18.4,9.441916666666668,0,-2.9,10,43,Petite Saison Pluies
2024-10-26,29.1,24.2,26.2,1.7,8.0,2.58,9.0,4.6892,0,-0.8800000000000001,10,43,Petite Saison Pluies
2024-10-27,30.2,23.9,26.8,0.1,1.0,4.31,12.1,11.118538888888889,0,-4.21,10,43,Petite Saison Pluies
2024-10-28,30.6,25.1,27.1,1.5,5.0,4.29,14.5,11.0,0,-2.79,10,44,Petite Saison Pluies
2024-10-29,29.6,24.1,25.7,7.2,13.0,2.96,14.2,6.858894444444444,0,4.24,10,44,Petite Saison Pluies
2024-10-30,29.6,22.9,26.2,0.7,5.0,3.92,11.5,11.059436111111111,0,-3.2199999999999998,10,44,Petite Saison Pluies
2024-10-31,30.4,23.6,27.0,0.2,1.0,4.42,12.8,11.061511111111113,0,-4.22,10,44,Petite Saison Pluies
2024-11-01,30.5,24.2,27.2,1.9,6.0,4.15,12.5,11.06346388888889,0,-2.2500000000000004,11,44,Petite Saison Pluies
2024-11-02,29.8,24.5,27.0,1.8,6.0,4.13,15.6,11.0,0,-2.33,11,44,Petite Saison Pluies
2024-11-03,30.7,24.6,27.2,0.9,5.0,4.15,12.1,10.315791666666666,0,-3.2500000000000004,11,44,Petite Saison Pluies
2024-11-04,31.1,23.8,27.0,1.0,3.0,4.22,12.2,11.001808333333335,0,-3.2199999999999998,11,45,Petite Saison Pluies
2024-11-05,30.0,23.5,26.8,1.1,4.0,4.37,12.3,10.738744444444446,0,-3.27,11,45,Petite Saison Pluies
2024-11-06,31.2,23.4,27.0,1.2,6.0,4.4,12.8,11.004291666666665,0,-3.2,11,45,Petite Saison Pluies
2024-11-07,30.4,24.5,27.4,4.2,3.0,4.14,15.0,10.563122222222221,0,0.0600000000000005,11,45,Petite Saison Pluies
2024-11-08,31.0,25.1,27.7,1.9,4.0,4.49,16.4,10.198569444444445,0,-2.5900000000000003,11,45,Petite Saison Pluies
2024-11-09,31.5,25.5,27.4,10.8,5.0,3.81,16.1,8.005827777777778,0,6.99,11,45,Petite Saison Pluies
2024-11-10,29.3,25.0,26.9,1.6,5.0,3.58,13.5,10.538363888888888,0,-1.98,11,45,Petite Saison Pluies
2024-11-11,29.8,24.5,26.7,2.9,5.0,3.93,12.6,11.007919444444445,0,-1.0300000000000002,11,46,Petite Saison Pluies
2024-11-12,30.4,23.6,27.0,1.2,6.0,4.2,12.4,11.0,0,-3.0,11,46,Petite Saison Pluies
2024-11-13,30.7,24.7,27.7,0.6,3.0,4.08,13.8,11.0,0,-3.48,11,46,Petite Saison Pluies
2024-11-14,31.2,25.5,27.6,3.0,5.0,4.12,20.7,10.676597222222222,0,-1.12,11,46,Petite Saison Pluies
2024-11-15,30.4,25.6,27.6,0.6,4.0,3.94,15.0,10.58018611111111,0,-3.34,11,46,Petite Saison Pluies
2024-11-16,30.7,25.0,27.5,2.2,8.0,4.06,13.2,11.0,0,-1.8599999999999994,11,46,Petite Saison Pluies
2024-11-17,30.5,24.5,27.4,4.1,9.0,3.98,11.5,11.0,0,0.11999999999999966,11,46,Petite Saison Pluies
2024-11-18,30.0,25.0,27.3,0.6,5.0,3.96,11.5,11.0,0,-3.36,11,47,Petite Saison Pluies
2024-11-19,31.1,24.7,27.6,1.1,5.0,4.22,10.3,11.0,0,-3.1199999999999997,11,47,Petite Saison Pluies
2024-11-20,32.0,24.7,28.2,0.0,0.0,4.59,13.3,11.0,0,-4.59,11,47,Petite Saison Pluies
2024-11-21,31.4,25.2,28.0,1.5,4.0,4.26,15.1,11.0,0,-2.76,11,47,Petite Saison Pluies
2024-11-22,31.0,25.7,27.5,4.2,4.0,3.75,12.6,9.337375000000002,0,0.4500000000000002,11,47,Petite Saison Pluies
2024-11-23,29.5,26.1,27.5,1.3,4.0,3.63,13.8,11.0,0,-2.33,11,47,Petite Saison Pluies
2024-11-24,31.6,23.8,27.4,0.1,1.0,4.25,12.4,11.0,0,-4.15,11,47,Petite Saison Pluies
2024-11-25,31.6,25.0,27.8,3.1,5.0,4.14,13.0,11.000919444444444,0,-1.0399999999999996,11,48,Petite Saison Pluies
2024-11-26,31.9,25.0,27.9,0.9,1.0,4.25,15.0,11.0,0,-3.35,11,48,Petite Saison Pluies
2024-11-27,31.2,25.2,27.9,1.5,6.0,4.11,12.6,11.0,0,-2.6100000000000003,11,48,Petite Saison Pluies
2024-11-28,31.1,24.5,27.7,0.1,1.0,4.16,11.9,10.963119444444445,0,-4.0600000000000005,11,48,Petite Saison Pluies
2024-11-29,32.0,24.1,27.8,0.1,1.0,4.31,14.5,11.0,0,-4.21,11,48,Petite Saison Pluies
2024-11-30,33.5,23.0,28.0,0.0,0.0,4.84,12.1,11.0,0,-4.84,11,48,Petite Saison Pluies
2024-12-01,34.5,23.0,28.4,0.0,0.0,5.1,12.2,11.0,0,-5.1,12,48,Harmattan
2024-12-02,34.0,23.6,28.3,0.0,0.0,4.71,14.5,11.0,0,-4.71,12,49,Harmattan
2024-12-03,32.5,26.0,28.5,2.9,4.0,4.25,13.1,11.0,0,-1.35,12,49,Harmattan
2024-12-04,32.0,25.5,27.8,3.1,4.0,3.8,15.8,9.801936111111111,0,-0.6999999999999997,12,49,Harmattan
2024-12-05,30.9,25.5,27.7,1.3,5.0,3.88,14.1,10.576211111111112,0,-2.58,12,49,Harmattan
2024-12-06,30.9,24.9,27.6,0.3,3.0,4.01,12.8,11.0,0,-3.71,12,49,Harmattan
2024-12-07,32.1,25.1,28.1,0.2,1.0,4.18,14.3,10.84313611111111,0,-3.9799999999999995,12,49,Harmattan
2024-12-08,33.8,24.0,28.3,0.0,0.0,4.52,13.6,11.0,0,-4.52,12,49,Harmattan
2024-12-09,32.0,24.7,28.3,0.3,2.0,3.73,12.9,7.964752777777778,0,-3.43,12,50,Harmattan
2024-12-10,32.8,24.4,28.2,0.0,0.0,4.38,13.3,10.206102777777778,0,-4.38,12,50,Harmattan
2024-12-11,33.3,25.4,28.8,0.0,0.0,4.44,17.0,9.552391666666667,0,-4.44,12,50,Harmattan
2024-12-12,32.5,26.1,28.8,2.5,6.0,4.2,16.0,10.195127777777778,0,-1.7000000000000002,12,50,Harmattan
2024-12-13,31.5,25.6,27.7,4.0,4.0,3.93,19.1,10.862919444444445,0,0.06999999999999984,12,50,Harmattan
2024-12-14,31.6,24.5,27.7,0.2,2.0,3.99,12.2,9.369175,0,-3.79,12,50,Harmattan
2024-12-15,31.8,24.4,28.1,0.3,3.0,4.12,11.7,10.865052777777779,0,-3.8200000000000003,12,50,Harmattan
2024-12-16,33.0,24.5,28.2,0.0,0.0,4.23,10.1,10.936061111111112,0,-4.23,12,51,Harmattan
2024-12-17,33.3,24.7,28.2,0.0,0.0,4.3,12.5,10.584319444444445,0,-4.3,12,51,Harmattan
2024-12-18,34.0,24.0,28.3,0.0,0.0,4.46,12.0,10.443752777777778,0,-4.46,12,51,Harmattan
2024-12-19,34.0,23.2,28.0,0.0,0.0,5.21,14.4,10.79618611111111,0,-5.21,12,51,Harmattan
2024-12-20,33.4,22.0,27.1,0.0,0.0,5.77,16.1,10.937233333333333,0,-5.77,12,51,Harmattan
2024-12-21,34.3,21.9,27.5,0.0,0.0,5.55,13.2,10.373302777777777,0,-5.55,12,51,Harmattan
2024-12-22,33.8,20.8,26.9,0.0,0.0,5.29,12.3,10.725469444444444,0,-5.29,12,51,Harmattan
2024-12-23,33.3,21.9,27.3,0.0,0.0,4.48,13.5,10.654633333333333,0,-4.48,12,52,Harmattan
2024-12-24,32.9,23.7,27.6,0.0,0.0,4.26,13.4,9.04413888888889,0,-4.26,12,52,Harmattan
2024-12-25,33.0,24.0,28.1,0.1,1.0,4.27,13.8,10.301394444444444,0,-4.17,12,52,Harmattan
2024-12-26,34.0,24.6,28.7,0.0,0.0,4.25,14.4,10.44148888888889,0,-4.25,12,52,Harmattan
2024-12-27,33.5,25.6,28.7,0.3,3.0,4.07,14.1,9.521669444444445,0,-3.7700000000000005,12,52,Harmattan
2024-12-28,33.3,24.8,28.4,0.0,0.0,4.11,13.9,10.228708333333334,0,-4.11,12,52,Harmattan
2024-12-29,32.6,25.1,28.4,0.1,1.0,4.13,14.3,9.099605555555556,0,-4.03,12,52,Harmattan
2024-12-30,32.1,25.6,28.6,0.8,1.0,3.98,14.2,10.366999999999999,0,-3.1799999999999997,12,1,Harmattan
2024-12-31,32.2,25.1,28.5,1.1,2.0,4.06,15.3,10.225341666666667,0,-2.9599999999999995,12,1,Harmattan
